,userid,username,followers,tweets,profile_desc,location,verified,entities,search_term
0,1486720642418307080,DitchedinMiami,396,6973,"Juno the grey wolfâ€™s main bitchğŸ˜»,True YB fanğŸ’•, IM NOT GAYğŸ‘¨â€â¤ï¸â€ğŸ‘¨âŒ, Tyler and Mid Cudi fans DNI!!,YB is just better, #LaloDay","Pizza hut dumpster, Miami",False,"{'url': {'urls': [{'start': 0, 'end': 23, 'url': 'https://t.co/f49XVGBUA4', 'expanded_url': 'https://www.fallguyssex.com/damndaniel', 'display_url': 'fallguyssex.com/damndaniel'}]}, 'description': {'hashtags': [{'start': 115, 'end': 123, 'tag': 'LaloDay'}]}}",233532
1,1540942311525298177,olix_fan_page,0,3,olix fan page,,False,,233532
2,1093775418677739520,OlixYT,4705,784,"roblox star cre- nvm ğŸ˜­

https://t.co/bTkpbqc2to",bobux land,False,"{'url': {'urls': [{'start': 0, 'end': 23, 'url': 'https://t.co/7ED7U4J70u', 'expanded_url': 'http://youtube.com/olixrb', 'display_url': 'youtube.com/olixrb'}]}, 'description': {'urls': [{'start': 24, 'end': 47, 'url': 'https://t.co/bTkpbqc2to', 'expanded_url': 'http://discord.gg/olix', 'display_url': 'discord.gg/olix'}]}}",233532
3,1367681473961029632,Anthony47534658,10,174,"hi! Iâ€™m Anthony. Iâ€™m 17 years old and I love toys! I have autism. on my Twitter, i play with my toys, eat my fave food, build layouts with my trains, and more!",,False,,233532
4,1447971582329212928,EngineOnly,1,42,"Hi Guys, I'm Benjamin Collins, or known as The Only Engine. I'm 17. Love voicing Thomas, Creator of The Adventures of Thomas, I love Thomas and Cars.","25 Bamburgh Drive, Seaham",False,"{'url': {'urls': [{'start': 0, 'end': 23, 'url': 'https://t.co/BAPlhmFcqX', 'expanded_url': 'https://www.youtube.com/channel/UCxHsnrCLI2UMxLCoCrqMLNA', 'display_url': 'youtube.com/channel/UCxHsnâ€¦'}]}}",233532
5,1322086688848564225,_TTGD_Roblox,2493,725,"An upcoming Roblox Thomas and Friends game based on the HiT Entertainment Era!

Account run by @Kool_Aid203",,False,"{'description': {'mentions': [{'start': 95, 'end': 107, 'username': 'Kool_Aid203'}]}}",233532
6,1313946082838081536,colleiMain,406,14939,otori emu uses neopronouns,"he xe mew bun it
pfp @kseichu_
mw weeklies ",False,"{'url': {'urls': [{'start': 0, 'end': 23, 'url': 'https://t.co/43WcrMWcXR', 'expanded_url': 'https://xn--ti8h.ju.mp', 'display_url': 'ğŸ“.ju.mp'}]}}",233532
7,937097381597683713,dinosaurpain,99,16163,just a creature on the internet | she/they | #BLM #StopAsianHate | NFT = block on sight,your mom's house,False,"{'description': {'hashtags': [{'start': 45, 'end': 49, 'tag': 'BLM'}, {'start': 50, 'end': 64, 'tag': 'StopAsianHate'}]}}",233532
8,1305620605828395008,pweep_3001,185,27712,art @pweep_art â˜† creator of @centenarycog â˜† @sodafan006 â™¡,they/them,False,"{'url': {'urls': [{'start': 0, 'end': 23, 'url': 'https://t.co/FKmzwHgAfl', 'expanded_url': 'https://txti.es/pweep', 'display_url': 'txti.es/pweep'}]}, 'description': {'mentions': [{'start': 4, 'end': 14, 'username': 'pweep_art'}, {'start': 28, 'end': 41, 'username': 'centenarycog'}, {'start': 44, 'end': 55, 'username': 'sodafan006'}]}}",233532
9,1264443573853810693,boysnooki,16,1628,@aXyssM my best friend they a real bad bitch !!!,11/30/21 ğŸ¤ ,False,"{'url': {'urls': [{'start': 0, 'end': 23, 'url': 'https://t.co/pwIer3LOiD', 'expanded_url': 'https://solidsnake1972.carrd.co', 'display_url': 'solidsnake1972.carrd.co'}]}, 'description': {'mentions': [{'start': 0, 'end': 7, 'username': 'aXyssM'}]}}",233532
10,853429569851985920,whorescientist,17,173,i was dying and now i am starving,trapped in the paris catacombs,False,,233532
11,1418619716139110403,Faiurey,62,2983,probably listening to Radiohead,"sasha she her
15 white bi 
Main jjk aot & sxf
No dni just block
No subtwt | no tw",False,"{'url': {'urls': [{'start': 0, 'end': 23, 'url': 'https://t.co/kpKmzyk1Kz', 'expanded_url': 'https://Levi.xn--3h8h', 'display_url': 'Levi.ğŸŒº'}]}}",233532
12,1523727848372117504,Iibrita,30,173,manicomio es lo que pide la demente,,False,,233532
13,1375387205875728386,Mauro825603521,7,31,"random things
and many drawings",Argentina,False,,233532
14,1441943707712770050,DexHates,6,80,"im really fucking gay

rblx: Vocaloid_Dex",pussy paradise,False,"{'url': {'urls': [{'start': 0, 'end': 23, 'url': 'https://t.co/yHLsY26f4v', 'expanded_url': 'https://open.spotify.com/user/kiw8upidthpt09hyckmjropck?si=c3cd903a4c0e49ce', 'display_url': 'open.spotify.com/user/kiw8upidtâ€¦'}]}}",233532
15,1528499844016381953,Maaiine09,27,795,Hi!,,False,,233532
16,1366595065385082884,dcrlinq_avril,9696,69441,"â without you, nothing would be the same â
ê’°áƒ she/her â”Š#avrilistrusted à»’ê’±",,False,"{'url': {'urls': [{'start': 0, 'end': 23, 'url': 'https://t.co/G6Aai7M9ev', 'expanded_url': 'http://smile.com', 'display_url': 'smile.com'}]}, 'description': {'hashtags': [{'start': 55, 'end': 70, 'tag': 'avrilistrusted'}]}}",233532
17,1486367036158664712,TGJ2345,11,179,"I hang the latest news from Roblox theme parks

The discord/dizzy server: https://t.co/V3ohdVXJnn",,False,"{'description': {'urls': [{'start': 74, 'end': 97, 'url': 'https://t.co/V3ohdVXJnn', 'expanded_url': 'http://discord.gg/NKQnyg4h', 'display_url': 'discord.gg/NKQnyg4h'}]}}",233532
18,1538206082174226434,xDiego_644,0,37,XD,,False,,233532
19,1493049311868956672,EL30DEGAVI,1523,10460,"Soldado de la #XAVINETA  y  #SCALONETA 

aquÃ­ solo se permite gente que confÃ­e en Pablo Martin Paez Gavira/ para la selecciÃ³n @gxldelCUTI",estoy atrÃ¡s tuyo HIJOPUTA ğŸ‘¹,False,"{'description': {'hashtags': [{'start': 14, 'end': 23, 'tag': 'XAVINETA'}, {'start': 28, 'end': 38, 'tag': 'SCALONETA'}], 'mentions': [{'start': 126, 'end': 137, 'username': 'gxldelCUTI'}]}}",233532
20,1521146319032799232,FeedieGus,3,30,Feedie,,False,,233532
21,747537706125692928,DestactRBX,531,665,"ğŸ‘‹ Howdy, owner of Sad Box Studio",,False,"{'url': {'urls': [{'start': 0, 'end': 23, 'url': 'https://t.co/dbQJ6gxQHI', 'expanded_url': 'https://www.roblox.com/users/362956857/profile', 'display_url': 'roblox.com/users/36295685â€¦'}]}}",233532
22,1415890445050073091,Woddidle,134,3674,Has never taken an L | Certified Sigma Male | Straight and Asian | Pronouns: Micheal Jackson | officially a homunculus,,False,,233532
23,1486837955624718338,Kiokoawawawaw,228,6492,"he/him ||
I have pet fish and turtle ||
I do art||
æ—¥æœ¬èªN4||
I swear sometimes.,,.||
CRK, FNAF, ğŸŸ",,False,"{'url': {'urls': [{'start': 0, 'end': 23, 'url': 'https://t.co/wCXDkYYpMa', 'expanded_url': 'http://ko-fi.com/kiko304610', 'display_url': 'ko-fi.com/kiko304610'}]}}",233532
24,1387145322808422409,glaamrockz,2016,75328,â€œArtistâ€ â€¢ Trad/Digital(?) â€¢ IC @Yarre_Llii â€¢ SARNIE CANON?!?!,"â˜† They Them
â˜† 16 â€¢ Carrd byf 
â˜† Gaslight Gatekeep Glamrock ",False,"{'url': {'urls': [{'start': 0, 'end': 23, 'url': 'https://t.co/Gme3CNsSmf', 'expanded_url': 'http://glaamrockz.carrd.co', 'display_url': 'glaamrockz.carrd.co'}]}, 'description': {'mentions': [{'start': 32, 'end': 43, 'username': 'Yarre_Llii'}]}}",233532
25,1392970777188765712,hobinihilista,308,9708,"-ğ—˜ğ—¹ ğ—¡ğ—®ğ—ºÂ²ğ˜€ğ—²ğ—¼ğ—¸ ğ˜† ğ˜†ğ—¼ ğ˜ƒğ—¶ğ—²ğ—»ğ—±ğ—¼ ğ—²ğ—¹ ğ˜€ğ˜ğ—¿ğ—²ğ—®ğ—º ğ—±ğ—² ğ—¡ğ—®ğ˜ğ—®ğ—¹ğ—®ğ—»-   
                  ã‚ã‚ã€ç¥æ§˜ï¼ï¼ é˜²å¼¾å°‘å¹´å›£ç§ã¯ã‚ãªãŸã‚’ã¨ã¦ã‚‚æ„›ã—ã¦ã„ã¾ã™ã€ã™",Viviendo por Bangtan,False,,233532
26,1536209538181120000,MalingK49357053,0,1,Khontol,,False,,233532
27,1515708131925504005,CrimeCityM,1,30,"Crime City Official Page
https://t.co/tFxHdqSccgâ€¦",,False,"{'url': {'urls': [{'start': 0, 'end': 23, 'url': 'https://t.co/tgGVf27zzH', 'expanded_url': 'https://www.roblox.com/games/9760067654/Crime-City', 'display_url': 'roblox.com/games/97600676â€¦'}]}, 'description': {'urls': [{'start': 25, 'end': 48, 'url': 'https://t.co/tFxHdqSccg', 'expanded_url': 'http://roblox.com/games/97600676', 'display_url': 'roblox.com/games/97600676'}]}}",233532
28,863689794,russotalks,478597,5418,Dad/YouTuber RussoPlays and 1/3 of @robloxbattles Business:russotalks@gmail.com,"Florida, USA",True,"{'url': {'urls': [{'start': 0, 'end': 23, 'url': 'https://t.co/UzVi92F30w', 'expanded_url': 'https://www.youtube.com/c/russoplaysgames/about', 'display_url': 'youtube.com/c/russoplaysgaâ€¦'}]}, 'description': {'mentions': [{'start': 35, 'end': 49, 'username': 'robloxbattles'}]}}",233532
29,1455262934712688644,JonathonKoskela,22,69,,,False,,233532
30,1506800401890222081,ClickerSim1,191582,71,"Play Clicker Simulator! âš¡
Discord server: https://t.co/vvrgYdXe9l
https://t.co/utTug61x7H",,False,"{'url': {'urls': [{'start': 0, 'end': 23, 'url': 'https://t.co/6QcRAPVUSt', 'expanded_url': 'https://www.roblox.com/games/7560156054', 'display_url': 'roblox.com/games/75601560â€¦'}]}, 'description': {'urls': [{'start': 42, 'end': 65, 'url': 'https://t.co/vvrgYdXe9l', 'expanded_url': 'http://discord.gg/pressurestudios', 'display_url': 'discord.gg/pressurestudios'}, {'start': 66, 'end': 89, 'url': 'https://t.co/utTug61x7H', 'expanded_url': 'http://tiktok.com/@playclickersim', 'display_url': 'tiktok.com/@playclickersim'}]}}",233532
31,954738320545865728,MrgvsmRoblox,72,4164,"This Is An official Twitter account for Mr GVSMRB - ROBLOX On YouTube, I upload daily videos, and I like anime :)",United States ,False,"{'url': {'urls': [{'start': 0, 'end': 23, 'url': 'https://t.co/cn0pVq3pI2', 'expanded_url': 'https://youtube.com/MrGVSMROBLOX', 'display_url': 'youtube.com/MrGVSMROBLOX'}]}}",233532
32,814805613385515008,RoBuilderYT,16169,1512,"success is like being pregnant, everyone says congratulations but nobody knows how many times you got fucked.  @Torbin_Co",,False,"{'description': {'mentions': [{'start': 111, 'end': 121, 'username': 'Torbin_Co'}]}}",233532
33,1535957170080165889,BestRoblox11,978,1164,"Visit https://t.co/89fDUmpqqU for the best Roblox videos, memes, trends and edits.",,False,"{'description': {'urls': [{'start': 6, 'end': 29, 'url': 'https://t.co/89fDUmpqqU', 'expanded_url': 'https://bestroblox.com/', 'display_url': 'bestroblox.com'}]}}",233532
34,1483647107571535874,melodysogoat,283,47681,yy es i am tthe  real trix ie hi!!ğŸ˜,Equestria,False,"{'url': {'urls': [{'start': 0, 'end': 23, 'url': 'https://t.co/hw2tYMzmtW', 'expanded_url': 'http://txti.es/trixiesocool', 'display_url': 'txti.es/trixiesocool'}]}}",233532
35,1454413566426112003,Rangerfy12,0,3,,,False,,233532
36,1392460624484044801,kebabhvh,0,5,,,False,,233532
37,1428625188263022595,sussyguylol,11,275,yeah in sussy poster? questions?,,False,,233532
38,16745055,Roblox,5128818,10281,"Bringing the world together to play, create, explore, and socialize within millions of 3D virtual worlds. 

For support, go to https://t.co/yRCNeQf3Nf.",California,True,"{'url': {'urls': [{'start': 0, 'end': 23, 'url': 'https://t.co/nETwh2gRPi', 'expanded_url': 'https://rblx.co/Roblox', 'display_url': 'rblx.co/Roblox'}]}, 'description': {'urls': [{'start': 127, 'end': 150, 'url': 'https://t.co/yRCNeQf3Nf', 'expanded_url': 'http://rblx.co/help', 'display_url': 'rblx.co/help'}]}}",233532
39,1309458823464189952,LamerLee3929,29,1831,"He/Him | I live in Malaysia | I play RBLX and I love Statistics/Data 

I try to tweet stuff",Living in Malaysia is shit,False,"{'url': {'urls': [{'start': 0, 'end': 23, 'url': 'https://t.co/rlDniFGL9d', 'expanded_url': 'https://linktr.ee/LameLee', 'display_url': 'linktr.ee/LameLee'}]}}",233532
40,1056053249470541824,Roblox_RTC,457116,24465,It's our mission to be one with the community and make this the best place to be! | We are *NOT* @Roblox! | DM ğŸ’Œ with new info! | Layout by: @PazeTweets,Following â‰  Endorsement,False,"{'url': {'urls': [{'start': 0, 'end': 23, 'url': 'https://t.co/t4QnFMvIXg', 'expanded_url': 'http://rtcnews.ca', 'display_url': 'rtcnews.ca'}]}, 'description': {'mentions': [{'start': 97, 'end': 104, 'username': 'Roblox'}, {'start': 141, 'end': 152, 'username': 'PazeTweets'}]}}",233532
41,1408443621695791111,robin68438572,74,23962,,,False,,233532
42,1437336363641151489,HabitTrade,7778,552,"The first #crypto friendly global #stock trading platform.
Make global #investments with #USDT!
Join community: https://t.co/6rQMSbs1Q8 and Make Trading A Habit!",,False,"{'url': {'urls': [{'start': 0, 'end': 23, 'url': 'https://t.co/byOzJ0uAKH', 'expanded_url': 'http://www.habittrade.com', 'display_url': 'habittrade.com'}]}, 'description': {'urls': [{'start': 112, 'end': 135, 'url': 'https://t.co/6rQMSbs1Q8', 'expanded_url': 'http://t.me/habittrade', 'display_url': 't.me/habittrade'}], 'hashtags': [{'start': 10, 'end': 17, 'tag': 'crypto'}, {'start': 34, 'end': 40, 'tag': 'stock'}, {'start': 71, 'end': 83, 'tag': 'investments'}, {'start': 89, 'end': 94, 'tag': 'USDT'}]}}",233532
43,1572939854,unity,41192,276,"Keep your finger on the pulse of all the latest Unity news ğŸ“£ Follow us:
ğŸ® @unitygames | ğŸ‘¯ @digitaltwin | ğŸ•¹ï¸ @poweredbyunity | ğŸ @assetstore",San Francisco,True,"{'url': {'urls': [{'start': 0, 'end': 23, 'url': 'https://t.co/FDIXfqlogL', 'expanded_url': 'http://unity.com', 'display_url': 'unity.com'}]}, 'description': {'mentions': [{'start': 74, 'end': 85, 'username': 'unitygames'}, {'start': 90, 'end': 102, 'username': 'digitaltwin'}, {'start': 108, 'end': 123, 'username': 'poweredbyunity'}, {'start': 128, 'end': 139, 'username': 'assetstore'}]}}",233532
44,1468029410250870789,khalil362710,99,168,,,False,,233532
45,1449719881885118483,fahim3751,94,94,à§§à§¦à§¦ % à¦«à¦²à§‹à¦¬à§à¦¯à¦¾à¦•,,False,,233532
46,869265844680835073,tnf43,327,6223,@otoprotocol,"Dhaka, Bangladesh",False,"{'description': {'mentions': [{'start': 0, 'end': 12, 'username': 'otoprotocol'}]}}",233532
47,1382110600080203782,Miraj33909664,223,9994,"Simple Crypto youtuber
: https://t.co/NCjna1LBiOâ€¦",amarican ,False,"{'url': {'urls': [{'start': 0, 'end': 23, 'url': 'https://t.co/YddxczzFMT', 'expanded_url': 'https://t.me/AMJOfficialEarningBD', 'display_url': 't.me/AMJOfficialEarâ€¦'}]}, 'description': {'urls': [{'start': 25, 'end': 48, 'url': 'https://t.co/NCjna1LBiO', 'expanded_url': 'http://t.me/AMJOfficialEar', 'display_url': 't.me/AMJOfficialEar'}]}}",233532
48,1505377628487778305,terrani_3,6,20,DEVELOPER,,False,,233532
49,972912446519365632,3_terrani,16,857,,"JapÃ³n,tokio ",False,"{'url': {'urls': [{'start': 0, 'end': 23, 'url': 'https://t.co/hq5AwGD9Lu', 'expanded_url': 'https://www.youtube.com/channel/UCC4U6f4iS4R4_4YsVLA326Q', 'display_url': 'youtube.com/channel/UCC4U6â€¦'}]}}",233532
50,1100902970659692544,Dallas_rblx,253,1962,"Schizophrenic, anxious and happy roblox builder and translator
20. Argentinian.
https://t.co/Oex0JcTs9h","My own mind, my own world",False,"{'url': {'urls': [{'start': 0, 'end': 23, 'url': 'https://t.co/eEUBndq6uf', 'expanded_url': 'https://talent.roblox.com/creators/220512219', 'display_url': 'talent.roblox.com/creators/22051â€¦'}]}, 'description': {'urls': [{'start': 80, 'end': 103, 'url': 'https://t.co/Oex0JcTs9h', 'expanded_url': 'http://neutraholic.carrd.co', 'display_url': 'neutraholic.carrd.co'}]}}",233532
51,1440491745691594765,auxnos,10,56,"i know how to lua
auxnos btw",Roblox HQ,False,,233532
52,1281830614392610822,Loomiquu,84,570,"Hello I am Loomi, Loomiquu, Casey. I am 16 and I uhhh code in Lua & C# also I do art and 3D modeling ;w; DNI - NSFW & CRYPTO/NFTs",illinois ,False,,233532
53,1480833615638380547,Dippwiipp,2,0,,,False,,233532
54,1480899409,Koneko_Lixue,19,434,"Ahooi! 

Learning LUA 
Animator (ROBLOX)
Video editor",I live on the planet Earth,False,"{'url': {'urls': [{'start': 0, 'end': 23, 'url': 'https://t.co/tdEOZgz3rX', 'expanded_url': 'https://twitter.com/Koneko_Lixue', 'display_url': 'twitter.com/Koneko_Lixue'}]}}",233532
55,1426024512080932867,Eyezik_,16,923,"I do not know what to put here.
I think I am just too lazy to remake my bio.
PRIVATE: @EyezikPrivate_",Canada,False,"{'description': {'mentions': [{'start': 86, 'end': 101, 'username': 'EyezikPrivate_'}]}}",233532
56,1418637973369888769,brianaa999,6,93,ğŸ¤·â€â™€ï¸,,False,,233532
57,1423829839358922755,JacintoMontez,27,1538,"Jesus saves. God heals.
ig: jacintomontez_",The Valley,False,"{'url': {'urls': [{'start': 0, 'end': 23, 'url': 'https://t.co/YLQiaqtd7E', 'expanded_url': 'http://afsp.org', 'display_url': 'afsp.org'}]}}",233532
58,1533352333072994304,kissesforaki,95,2478,geralt enjoyer âš”ï¸ she/he/they ğŸ‡²ğŸ‡½ ğŸ‡¸ğŸ‡» dms open ğŸ«¡,19 || bi,False,,233532
59,1187177608372510721,IL0VEKUGISAKI,5991,169453,nerdices e reclamaÃ§Ãµes (ela/dela),provavelmente dormindo,False,"{'url': {'urls': [{'start': 0, 'end': 23, 'url': 'https://t.co/SLQg8pE2iG', 'expanded_url': 'http://tanjiro.xn--c6h', 'display_url': 'tanjiro.â™¡'}]}}",233532
60,1400548364668841990,itsh4chi,631,17061,"â €â €â €""hey.. @edwmiya"" â €â €â € â €â €â €â €â €â €â €â €â €â €â €â € â €â €amo meu namo aaron cornao",ã¦ã‚ã‚‚ã‚ã¦ã‚ªãƒ•ã‚£ã‚‚ğŸ¸,False,"{'url': {'urls': [{'start': 0, 'end': 23, 'url': 'https://t.co/Svf4PjCZRn', 'expanded_url': 'http://kurt.sz', 'display_url': 'kurt.sz'}]}, 'description': {'mentions': [{'start': 10, 'end': 18, 'username': 'edwmiya'}]}}",233532
61,1108159013966041088,edwmiya,571,19874,''hey.. @itsh4chi '' you are my meow meow.,.ğŸ’Œ,False,"{'url': {'urls': [{'start': 0, 'end': 23, 'url': 'https://t.co/DdIk96GmXB', 'expanded_url': 'http://nanarenbissexual.carrd.co', 'display_url': 'nanarenbissexual.carrd.co'}]}, 'description': {'mentions': [{'start': 8, 'end': 17, 'username': 'itsh4chi'}]}}",233532
62,1302143825742368769,tentsukuu,91,414,"ONE PIECE GREATNESS!

Discord: tsugaa#3528 (comms open)

for some non roblox art made by me:https://t.co/fxjHDvptyc",,False,"{'description': {'urls': [{'start': 92, 'end': 115, 'url': 'https://t.co/fxjHDvptyc', 'expanded_url': 'https://twitter.com/Tentsukuu1', 'display_url': 'twitter.com/Tentsukuu1'}]}}",233532
63,1027982109946925057,bunhe_,263,3792,i talk louder when you're not around,llorando ,False,,233532
64,1422930614098010120,krlnpskid,596,7681,dtqk over your mom,"she/her.
xav vin vars",False,"{'url': {'urls': [{'start': 0, 'end': 23, 'url': 'https://t.co/BB5318mTee', 'expanded_url': 'https://krlnpskid.carrd.co', 'display_url': 'krlnpskid.carrd.co'}]}}",233532
65,1422124344361111559,tinastream,5809,44980,late night talking is so karlnap vibes,"s!they pup petal ğŸ§¸
youâ€™re my home + 
eli fern air â€¹3 !17Â¡
tqm reid & quackity
ic: primblu ğŸª·",False,"{'url': {'urls': [{'start': 0, 'end': 23, 'url': 'https://t.co/RyLPDONutR', 'expanded_url': 'http://glaive.xn--jhfz3g/', 'display_url': 'glaive.á¥«á­¡'}]}}",233532
66,1531584449653051393,thunder57714331,0,1,"On YouTube 

Link for my channel 

https://t.co/IzDW4zGDnS",,False,"{'url': {'urls': [{'start': 0, 'end': 23, 'url': 'https://t.co/IzDW4zGDnS', 'expanded_url': 'https://youtube.com/channel/UC0ae8kFlrwXAeusOsl16NJA', 'display_url': 'youtube.com/channel/UC0ae8â€¦'}]}, 'description': {'urls': [{'start': 35, 'end': 58, 'url': 'https://t.co/IzDW4zGDnS', 'expanded_url': 'https://youtube.com/channel/UC0ae8kFlrwXAeusOsl16NJA', 'display_url': 'youtube.com/channel/UC0ae8â€¦'}]}}",233532
67,1138269590599995395,Draction3,10,104,"yooo I play a lot of games

Made my cool banner in Roblox studio no other software.",,False,,233532
68,1350364925122678794,Hooty54892854,43,1849,Hoot hoot ğŸ¦‰,,False,,233532
69,1443918191420448795,MaisieTheFaun,0,2,Hello! I'm Maisie! I'm a half human half faun creature! I enjoy everything Renaissance Faire related! That is kinda my hyperfixation right now.,,False,,233532
70,1423313664019468292,DaanTheGamer,6393,366,"Youtuber/Gamer/Twitch Streamer
Plays Roblox Simulators",,False,,233532
71,1466484705843425289,D4NIELx3,12,256,alt account for -@SWEETxD4NIELğŸ˜›ğŸ˜› #ChanningTatum ğŸ¤­ğŸ¤­,He/himğŸ¤,False,"{'description': {'hashtags': [{'start': 33, 'end': 47, 'tag': 'ChanningTatum'}], 'mentions': [{'start': 17, 'end': 30, 'username': 'SWEETxD4NIEL'}]}}",233532
72,1295203826128084992,Kravik_,70,6570,|ğŸ‡ºğŸ‡¸/18/Male| EVERYONE is EQUALLY loved! | Mostly into: #Dokkanbattle & #DBLegends,#BLMâœŠğŸ¿âœŠğŸ¾âœŠğŸ½,False,"{'description': {'hashtags': [{'start': 55, 'end': 68, 'tag': 'Dokkanbattle'}, {'start': 71, 'end': 81, 'tag': 'DBLegends'}]}}",233532
73,1499930690627981313,jah_overton,2,17,me a small YT,,False,,233532
74,10228272,YouTube,75489890,44870,like and subscribe.,"San Bruno, CA",True,"{'url': {'urls': [{'start': 0, 'end': 23, 'url': 'https://t.co/bUisN3Gqbw', 'expanded_url': 'http://youtube.com', 'display_url': 'youtube.com'}]}}",233532
75,1540942935297970176,Parker04460847,0,2,,,False,,233532
76,4109030356,MintyGlobe,283,7927,||ğŸ‡ºğŸ‡²ğŸ‡²ğŸ‡½|| Mini streamer ||Artista en crecimiento|| Dibujo Nsfw ğŸ”|| Lvl: 19|| Pfp: @eNXtzu || My love @Mr_Gustosraros â¤ï¸|| she/her|| Bisexual ||,Pinewood City ,False,"{'url': {'urls': [{'start': 0, 'end': 23, 'url': 'https://t.co/5uY6Ik27zR', 'expanded_url': 'http://www.twitch.tv/mint_globe', 'display_url': 'twitch.tv/mint_globe'}]}, 'description': {'mentions': [{'start': 81, 'end': 88, 'username': 'eNXtzu'}, {'start': 100, 'end': 115, 'username': 'Mr_Gustosraros'}]}}",233532
77,1301180904048656384,beni18_zaza,397,3165,"ZaZa 4ever
 -VIPğŸ”¥ Comandito81 -VIP ğŸ¦ Victoria",Con el mejor del Mundo,False,"{'url': {'urls': [{'start': 0, 'end': 23, 'url': 'https://t.co/fcwnRSu9Wv', 'expanded_url': 'http://twitch.tv/elmariana', 'display_url': 'twitch.tv/elmariana'}]}}",233532
78,618520610,Anzaecdi,484,8375,"Your friendly neighborhood || 21 aÃ±os
M.A. de @JuanSGuarnizo
https://t.co/FZeOEkoJrv","MÃ©rida, YucatÃ¡n",False,"{'url': {'urls': [{'start': 0, 'end': 23, 'url': 'https://t.co/cJFmB8z3RI', 'expanded_url': 'https://www.twitch.tv/anzaecdi', 'display_url': 'twitch.tv/anzaecdi'}]}, 'description': {'urls': [{'start': 61, 'end': 84, 'url': 'https://t.co/FZeOEkoJrv', 'expanded_url': 'http://anzaecdi.carrd.co', 'display_url': 'anzaecdi.carrd.co'}], 'mentions': [{'start': 46, 'end': 60, 'username': 'JuanSGuarnizo'}]}}",233532
79,1491441129610379266,ch_aoe,24,1040,hi! im blue ğŸ’™,,False,,233532
80,1477641247661637633,watchfoxdeals,268,24366,"A bot that tracks Roblox limited item deals.
Turn on Twitter notifs for notifs. 
Owner: @Chloe_Woahie | fekie#7808
Join the Discord! https://t.co/3C1QwJOfgy",,False,"{'description': {'urls': [{'start': 133, 'end': 156, 'url': 'https://t.co/3C1QwJOfgy', 'expanded_url': 'http://discord.gg/zzUNvdMGJk', 'display_url': 'discord.gg/zzUNvdMGJk'}], 'mentions': [{'start': 88, 'end': 101, 'username': 'Chloe_Woahie'}]}}",233532
81,812981887098585088,real_rogenus,257,759,"|3D artist & entrepreneur|
|Owner of @corma_games and Flying Fireball Co.|
|Email: contact.rogenus@gmail.com|",,False,"{'url': {'urls': [{'start': 0, 'end': 23, 'url': 'https://t.co/d3lVens3ar', 'expanded_url': 'https://www.roblox.com/groups/2985968', 'display_url': 'roblox.com/groups/2985968'}]}, 'description': {'mentions': [{'start': 37, 'end': 49, 'username': 'corma_games'}]}}",233532
82,1301659340898697216,antheialol,727,4372,"she / her
contributor @ GamesReborn & https://t.co/5fj0cTjYVS
ğŸ³ï¸â€ğŸŒˆ",,False,"{'description': {'urls': [{'start': 38, 'end': 61, 'url': 'https://t.co/5fj0cTjYVS', 'expanded_url': 'http://lick.io', 'display_url': 'lick.io'}]}}",233532
83,1537162571454857218,reipods,133,874,hitting that sim jaeyun pack,she her 17,False,,233532
84,1516121844289613831,vmnsfrnds,711,7601,taehyung cuddles me to sleep every night,cami she 15 ,False,"{'url': {'urls': [{'start': 0, 'end': 23, 'url': 'https://t.co/fwd1NXkEbr', 'expanded_url': 'http://jjksass.carrd.co', 'display_url': 'jjksass.carrd.co'}]}}",233532
85,1362652256198254594,JoseRod87718030,0,6,hi,,False,,233532
86,1227952086408667138,roksekYT,1753,88,"â— @StudioPowerful Owner
â— 50M+ Visits 
â— 2M+ Group Members",Poland,False,"{'url': {'urls': [{'start': 0, 'end': 23, 'url': 'https://t.co/gvEVAv4UHg', 'expanded_url': 'https://www.roblox.com/users/273406731/profile', 'display_url': 'roblox.com/users/27340673â€¦'}]}, 'description': {'mentions': [{'start': 2, 'end': 17, 'username': 'StudioPowerful'}]}}",233532
87,1236281983585697792,StuffRoniSays,84,16103,musical theatre nerd who accidentally became obsessed with a lot of things,practice,False,,233532
88,1484055802038079488,MartnezMelanie1,382,1197,Â° Vip de Anzaecdi âœ¨,"Monterrey, Nuevo LeÃ³n",False,"{'url': {'urls': [{'start': 0, 'end': 23, 'url': 'https://t.co/W0XAwbcZFG', 'expanded_url': 'https://www.twitch.tv/anzaecdi', 'display_url': 'twitch.tv/anzaecdi'}]}}",233532
89,1533273156693045249,haladay423,1,8,I am a blue lover,,False,,233532
90,1540940741341753344,FriendlyFish922,1,2,,,False,,233532
91,1356093097835327493,BoxOfJeus,25,2394,very tall filipino male // professional valorant player for Brog University,,False,,233532
92,1474814258441510912,valenti46016047,12,550,hola soy Bunny2277  UwU Aqui EncontrarÃ¡s ğŸ’– Mis Dibujos que Yo Dibujo ğŸ’• Si Alguien Quiere un Dibujo Yo se lo Hago Feliz ğŸ˜€,Chile,False,"{'url': {'urls': [{'start': 0, 'end': 23, 'url': 'https://t.co/lVe27kCjm1', 'expanded_url': 'https://youtube.com/channel/UCKKc-hsRUdYZQmCR7KKqW5g', 'display_url': 'youtube.com/channel/UCKKc-â€¦'}]}}",233532
93,1009162593318195201,Soyfenita,1263,9388,Escorpio y malhumorada (200k+ Tiktok) y Streamer ğŸ“©  @NitradoES Partner Soyfenacontacto@gmail.com,,False,"{'url': {'urls': [{'start': 0, 'end': 23, 'url': 'https://t.co/sPG5C5ixiT', 'expanded_url': 'https://linktr.ee/soyfena', 'display_url': 'linktr.ee/soyfena'}]}, 'description': {'mentions': [{'start': 52, 'end': 62, 'username': 'NitradoES'}]}}",233532
94,1538225790608875520,DevPostNotifier,5,753,"I will notify you of new devforum posts! 

made by @Biack1st",,False,"{'description': {'mentions': [{'start': 51, 'end': 60, 'username': 'Biack1st'}]}}",233532
95,1511234961810018304,sisicopyninja,168,435,big tiddy succubus,Hidden Queef Village,False,"{'url': {'urls': [{'start': 0, 'end': 23, 'url': 'https://t.co/17uG4QcoyJ', 'expanded_url': 'http://linktr.ee/sierrathecopyninja', 'display_url': 'linktr.ee/sierrathecopynâ€¦'}]}}",233532
96,1244816209,DynamoSuperX,27372,61254,22 â€¢ Gamer â€¢ Nintendo â€¢ Sony â€¢ DC/Marvel â€¢ Editor â€¢ In need of more hobbies âœ¨@powerful_imgsâœ¨ğŸ¬ğŸ®,"Dallas, TX",False,"{'description': {'mentions': [{'start': 77, 'end': 91, 'username': 'powerful_imgs'}]}}",233532
97,444322836,Maliboux,1924,8484,Proverbs 3:5-6,"Los Angeles, CA",False,"{'url': {'urls': [{'start': 0, 'end': 23, 'url': 'https://t.co/ezARDrnV78', 'expanded_url': 'https://monster.cat/remedy', 'display_url': 'monster.cat/remedy'}]}}",233532
98,4888297839,Twinmill53,282,11902,I follow peeps who are funny and cultured,Why you need that lol,False,,233532
99,1162494706066046977,gamefamstudios,42677,2409,"We Partner, Publish & Produce #Roblox games!
ğŸš—@UDUCommunity
ğŸª–@MilitaryTycoon
â­@AllStarTowerDef
ğŸ¦”@SonicSimulator
ğŸ‘¶@TwilightDaycare
ğŸ“ˆ@SiliconDigital_
+ more",Los Angeles,True,"{'url': {'urls': [{'start': 0, 'end': 23, 'url': 'https://t.co/0r0tpGlODC', 'expanded_url': 'https://bit.ly/GamefamWebsite', 'display_url': 'bit.ly/GamefamWebsite'}]}, 'description': {'hashtags': [{'start': 30, 'end': 37, 'tag': 'Roblox'}], 'mentions': [{'start': 46, 'end': 59, 'username': 'UDUCommunity'}, {'start': 61, 'end': 76, 'username': 'MilitaryTycoon'}, {'start': 78, 'end': 94, 'username': 'AllStarTowerDef'}, {'start': 96, 'end': 111, 'username': 'SonicSimulator'}, {'start': 113, 'end': 129, 'username': 'TwilightDaycare'}, {'start': 131, 'end': 147, 'username': 'SiliconDigital_'}]}}",233532
100,881491856265105408,wydjjr,517,18544,"â“˜ This user is going to be successful.
âˆ† hmu: @wydjjr for orders.
âˆ† telegram: jjexxs . you can also msg me at my fb acc.",MOP: GC & LOAD ,False,"{'url': {'urls': [{'start': 0, 'end': 23, 'url': 'https://t.co/Az6Ys7oxzK', 'expanded_url': 'https://www.facebook.com/jessica.arizapa.06', 'display_url': 'facebook.com/jessica.arizapâ€¦'}]}, 'description': {'mentions': [{'start': 46, 'end': 53, 'username': 'wydjjr'}]}}",233532
101,1516379698888310788,AAMamun02,0,458,I am a student.,,False,,233532
102,878344556265091072,sneakerheadcoff,67009,239947,"Redefining the world of street-culture in Web3.
Discord: https://t.co/gsn759U2XU 
OpenSea:  https://t.co/n4ENxqkpZD",The Basement,False,"{'url': {'urls': [{'start': 0, 'end': 23, 'url': 'https://t.co/mi6RP9kBkF', 'expanded_url': 'http://sneakercheads.xyz', 'display_url': 'sneakercheads.xyz'}]}, 'description': {'urls': [{'start': 57, 'end': 80, 'url': 'https://t.co/gsn759U2XU', 'expanded_url': 'http://discord.gg/sneakerheads', 'display_url': 'discord.gg/sneakerheads'}, {'start': 92, 'end': 115, 'url': 'https://t.co/n4ENxqkpZD', 'expanded_url': 'http://bit.ly/SHOPENSEA', 'display_url': 'bit.ly/SHOPENSEA'}]}}",233532
103,1525214646734831616,RubyMama8,0,1,,,False,,233532
104,1473502589530492932,ROBLOX_GUY1233,32,4,i like to play ROBLOX,INDONESIA,False,,233532
105,1083086395785297922,inknorant,21,1271,A.K.A crypto-adicto ğŸ›¸ğŸŒ•,Venezuela,False,,233532
106,1078765210117328896,mertdumanvr,505,462,Muayyer Metaverseci ğŸš€ğŸ›°ï¸ğŸ›¸,,False,,233532
107,45750125,StevenZimmerman,64,77,I'm kind of a big deal.,North and South America ,False,"{'url': {'urls': [{'start': 0, 'end': 23, 'url': 'https://t.co/DoZGClwDoJ', 'expanded_url': 'http://stevenzimmerman.com', 'display_url': 'stevenzimmerman.com'}]}}",233532
108,1460197149854031878,Esfandiar61,44,95,,,False,,233532
109,1483116842315046913,minzmarj,15,125,happy,,False,,233532
110,1469738356045189125,Redwitchat,0,3,Futures,,False,,233532
111,1498337811941892096,Patrick96647152,20,29,,,False,,233532
112,1525143300025593856,Vanessa20624901,239,3442,Always learning! #BTC #BNB #UST #ETH #LUNC #SHIB #DOGE #VET #GMT #JASMY #SKL #AMP #TROY #SLP #OOKI #TLM #ROSE #ZIL #FET ğŸ’•,,False,"{'description': {'hashtags': [{'start': 17, 'end': 21, 'tag': 'BTC'}, {'start': 22, 'end': 26, 'tag': 'BNB'}, {'start': 27, 'end': 31, 'tag': 'UST'}, {'start': 32, 'end': 36, 'tag': 'ETH'}, {'start': 37, 'end': 42, 'tag': 'LUNC'}, {'start': 43, 'end': 48, 'tag': 'SHIB'}, {'start': 49, 'end': 54, 'tag': 'DOGE'}, {'start': 55, 'end': 59, 'tag': 'VET'}, {'start': 60, 'end': 64, 'tag': 'GMT'}, {'start': 65, 'end': 71, 'tag': 'JASMY'}, {'start': 72, 'end': 76, 'tag': 'SKL'}, {'start': 77, 'end': 81, 'tag': 'AMP'}, {'start': 82, 'end': 87, 'tag': 'TROY'}, {'start': 88, 'end': 92, 'tag': 'SLP'}, {'start': 93, 'end': 98, 'tag': 'OOKI'}, {'start': 99, 'end': 103, 'tag': 'TLM'}, {'start': 104, 'end': 109, 'tag': 'ROSE'}, {'start': 110, 'end': 114, 'tag': 'ZIL'}, {'start': 115, 'end': 119, 'tag': 'FET'}]}}",233532
113,1521252918338678784,alhh45544333,142,4706,,,False,,233532
114,1502763195374653589,SullivanParty,8,14,,,False,,233532
115,1261184039005765636,John45379055,11,5,ğŸ˜ğŸ˜ğŸ˜ğŸ˜,Chennai,False,,233532
116,1256639129540067335,ElharIsmail,15,124,insta:ismail_qlf_,,False,,233532
117,2314381309,mohsofyan16,24,95,,jember,False,,233532
118,1371771912448217096,godlychoso,2168,2294,eunoia,,False,,233532
119,1508996651486117889,_alleesee,565,2685,"cw one pieceâ€” water 7 arc || i don't mind your age, pls don't be weird || ic @hisuikero",+63 | 16 | pans | sel fb,False,"{'url': {'urls': [{'start': 0, 'end': 23, 'url': 'https://t.co/0t067vLzYn', 'expanded_url': 'http://sayout.me/say/alleesee', 'display_url': 'sayout.me/say/alleesee'}]}, 'description': {'mentions': [{'start': 77, 'end': 87, 'username': 'hisuikero'}]}}",233532
120,1532565970170130432,ddonutsrule1617,3,20,I do art and music. Commissions are open!!,,False,"{'url': {'urls': [{'start': 0, 'end': 23, 'url': 'https://t.co/wq4GDoaK1F', 'expanded_url': 'https://donutsrule1617.carrd.co/', 'display_url': 'donutsrule1617.carrd.co'}]}}",233532
121,2290158121,coffvshop,7179,1738,"âœ¦ music artist 
âœ¦ music composer for #royalehigh 
âœ¦ @twitch partner 
âœ¦ @discord partner 
âœ¦ @akrewhq partner
âœ¦ @mrscoffv â˜•ï¸ğŸ’•",,False,"{'url': {'urls': [{'start': 0, 'end': 23, 'url': 'https://t.co/DCYvdkjMZd', 'expanded_url': 'http://twitch.tv/coffv', 'display_url': 'twitch.tv/coffv'}]}, 'description': {'hashtags': [{'start': 37, 'end': 48, 'tag': 'royalehigh'}], 'mentions': [{'start': 52, 'end': 59, 'username': 'twitch'}, {'start': 71, 'end': 79, 'username': 'discord'}, {'start': 91, 'end': 99, 'username': 'akrewhq'}, {'start': 110, 'end': 119, 'username': 'mrscoffv'}]}}",233532
122,1494158594304094210,vale_osf,20,188,amo el power azul ğŸ«¶ğŸ»,,False,"{'url': {'urls': [{'start': 0, 'end': 23, 'url': 'https://t.co/OWB5TqknLK', 'expanded_url': 'http://instagram.com/vale.osf', 'display_url': 'instagram.com/vale.osf'}]}}",233532
123,1387560896751362049,bigt1mekush,592,18250,im a big time rush stan account. + occasional art | lexi â™¡ âš˜,she/they â™¡ L ğŸ’ 48,False,"{'url': {'urls': [{'start': 0, 'end': 23, 'url': 'https://t.co/zKmSNxFymI', 'expanded_url': 'https://twitter.com/i/events/1476783559553605637', 'display_url': 'twitter.com/i/events/14767â€¦'}]}}",233532
124,1315150898671218688,schmidtroses,921,17468,â€œthey sayâ€¦love is like a gardenâ€¦Iâ€™m not exactly sure who they are but i know somebody said it!â€ | any pronouns,15 ,False,,233532
125,509073377,SnowWolfVTtwt,683,10249,Your local  single Daddy Vtuber :3 Part wolf part human Here to stream with some chill comfy lewd vibes. (I post and share NSFW ) R.I.P. Kay 06/15/22, purgatory.,False,"{'url': {'urls': [{'start': 0, 'end': 23, 'url': 'https://t.co/RhBxQW3Wer', 'expanded_url': 'https://linktr.ee/SnowWolfVT', 'display_url': 'linktr.ee/SnowWolfVT'}]}}",233532
126,1453241949922734094,amber_tiger1,465,2479,wannabe tiger pngtuber or vtuber// 18+ // not very active at weekdays // has school // goal: being a vtuber // #ambertigerfanart // pfp: @SlushieSeastar,hiding in the forest,False,"{'url': {'urls': [{'start': 0, 'end': 23, 'url': 'https://t.co/M0dAsW19e2', 'expanded_url': 'https://ambertiger.carrd.co/', 'display_url': 'ambertiger.carrd.co'}]}, 'description': {'hashtags': [{'start': 111, 'end': 128, 'tag': 'ambertigerfanart'}], 'mentions': [{'start': 137, 'end': 152, 'username': 'SlushieSeastar'}]}}",233532
127,1251875033594519552,HamsterUnicorn,2,89,"Hello, I am Hamster Unicorn. Follow me on Roblox: HamsterUnicorn95  Twitter: Hamster Unicorn  and also subscribe to my YouTube channel: Hamster Unicorn.",,False,,233532
128,1533067541199069191,SukardiniK,0,1,Gak Tau :V,,False,,233532
129,1142342070805262337,sixersin1,1572,7905,probably listening to almeda by solange,Stole Kanyes Laptop,False,,233532
130,2906642369,swampfireian141,73,2797,new york trash â„¢,"New York City, New York, USA",False,"{'url': {'urls': [{'start': 0, 'end': 23, 'url': 'https://t.co/lKeRYWKQyH', 'expanded_url': 'https://www.fanfiction.net/~anonymousskrub', 'display_url': 'fanfiction.net/~anonymousskrub'}]}}",233532
131,940157282,MarvClowder,1048,153077,"Pounder of Keys, Swimmer of Seas, Enjoyer of ZZZzzzzs.",,False,,233532
132,762291888804225024,Queen3va,509,5723,Producer | Future Fashion Queen | Positive Life Positive Mindset | Every Life is Valued  | HRT 5/25/2020 â¤ | Gamer | Wife to @polkadotqueen22,United States,False,"{'description': {'mentions': [{'start': 125, 'end': 141, 'username': 'polkadotqueen22'}]}}",233532
133,923858401,ErynMYoung,430,12465,Like you care.,Los Angeles,False,,233532
134,2985479932,BNNBreaking,322321,14998,"Founded by @gchahal, @BNNWorld is the world's first globally distributed news network, providing breaking news, data modeling, and research in over 200 markets.",Worldwide,True,"{'url': {'urls': [{'start': 0, 'end': 23, 'url': 'https://t.co/EJdVmrXmjJ', 'expanded_url': 'https://bnn.network', 'display_url': 'bnn.network'}]}, 'description': {'mentions': [{'start': 11, 'end': 19, 'username': 'gchahal'}, {'start': 21, 'end': 30, 'username': 'BNNWorld'}]}}",233532
135,1408523401753464837,botogax,5,15,kind of a small streamer || iâ€™m pretty swag || follow my twitch https://t.co/ppqmJfxZz7 || also a MINOR,,False,"{'url': {'urls': [{'start': 0, 'end': 23, 'url': 'https://t.co/ppqmJfxZz7', 'expanded_url': 'http://twitch.tv/botogax', 'display_url': 'twitch.tv/botogax'}]}, 'description': {'urls': [{'start': 64, 'end': 87, 'url': 'https://t.co/ppqmJfxZz7', 'expanded_url': 'http://twitch.tv/botogax', 'display_url': 'twitch.tv/botogax'}]}}",233532
136,1494103500183117825,takashigore,690,10747,"chau pastillas, hola mitsuya",ella | ic. inuo_x,False,"{'url': {'urls': [{'start': 0, 'end': 23, 'url': 'https://t.co/Dgq9HyDcos', 'expanded_url': 'http://mitsuyafalopa.carrd.co', 'display_url': 'mitsuyafalopa.carrd.co'}]}}",233532
137,709168790949462016,SuperSconti_,1613,90098,,,False,"{'url': {'urls': [{'start': 0, 'end': 23, 'url': 'https://t.co/diuxIYlPGe', 'expanded_url': 'http://infonews24.tk', 'display_url': 'infonews24.tk'}]}}",233532
138,1416873547071434753,howtogenerator,20,16018,"this is a bot that sends a randomly generated 'how to' every 30 minutes, I am always adding new stuff to it. main account: @HatDiscord",how to set location on twitter,False,"{'url': {'urls': [{'start': 0, 'end': 23, 'url': 'https://t.co/y34EGZ1H5m', 'expanded_url': 'https://forms.gle/asGfTyAMEPguuNHR6', 'display_url': 'forms.gle/asGfTyAMEPguuNâ€¦'}]}, 'description': {'mentions': [{'start': 123, 'end': 134, 'username': 'HatDiscord'}]}}",233532
139,1296596866155655169,RobloxIs_,9,6971,,on earth,False,,233532
140,1256039710402764801,misaalvr,761,33253,i love u!,16,False,"{'url': {'urls': [{'start': 0, 'end': 23, 'url': 'https://t.co/77xens7Ol4', 'expanded_url': 'http://jk.xn--3-cjn', 'display_url': 'jk.â€¹3'}]}}",233532
141,1262950135333560322,jungkooklipring,2310,30828,allergic to fruit except for yoongi  @tetemelll @izzyoongi69,â™¥ï¸â€™s roo ,False,"{'url': {'urls': [{'start': 0, 'end': 23, 'url': 'https://t.co/BbmDs9fQLq', 'expanded_url': 'https://gaytuna.carrd.co/', 'display_url': 'gaytuna.carrd.co'}]}, 'description': {'mentions': [{'start': 37, 'end': 47, 'username': 'tetemelll'}, {'start': 48, 'end': 60, 'username': 'izzyoongi69'}]}}",233532
142,1375642890777542666,DDvalin,5076,3809,ğŸ‡²ğŸ‡¦ğŸ‡²ğŸ‡½ ğŸŒŒ |Moderadora de @elmarianaa| |Me encantan los gatos| | Disfruto la vida cantando |,"Monterrey,Nuevo Leon ",False,"{'url': {'urls': [{'start': 0, 'end': 23, 'url': 'https://t.co/VebKtdY6pP', 'expanded_url': 'https://www.instagram.com/dvaliiin/', 'display_url': 'instagram.com/dvaliiin/'}]}, 'description': {'mentions': [{'start': 22, 'end': 33, 'username': 'elmarianaa'}]}}",233532
143,1381125421014597632,fathotdog94,27,1018,20 â­ï¸ i like cheese,"Ontario, Canada",False,"{'url': {'urls': [{'start': 0, 'end': 23, 'url': 'https://t.co/g9A8xiMc10', 'expanded_url': 'https://linktr.ee/cramberuty', 'display_url': 'linktr.ee/cramberuty'}]}}",233532
144,739304573483917313,ROSlDIAN,456,5529,BLKROSE,,False,"{'url': {'urls': [{'start': 0, 'end': 23, 'url': 'https://t.co/NbClVfesRI', 'expanded_url': 'https://soundcloud.app.goo.gl/cN7kE7YB7TLSvxC1A', 'display_url': 'soundcloud.app.goo.gl/cN7kE7YB7TLSvxâ€¦'}]}}",233532
145,1401912857382440961,FusionPlaysOnYT,1722,14159,YO! âš¡ | ALT: @FusionDontTweet | PRIVATE ACC: @Fusion_Privaited | Gamer ğŸ® | â€¢ â¤ï¸ Bestie: @Dry_Skullz â¤ï¸ â€¢ |,India ,False,"{'url': {'urls': [{'start': 0, 'end': 23, 'url': 'https://t.co/Zj2i3sbcxd', 'expanded_url': 'https://youtube.com/channel/UCJZmRIc8wwKRjUM7Zdded5g', 'display_url': 'youtube.com/channel/UCJZmRâ€¦'}]}, 'description': {'mentions': [{'start': 13, 'end': 29, 'username': 'FusionDontTweet'}, {'start': 45, 'end': 62, 'username': 'Fusion_Privaited'}, {'start': 88, 'end': 99, 'username': 'Dry_Skullz'}]}}",233532
146,1099491220579966976,my_chappie,9876,50532,"the one and only red bucket man

known to be a unprofessional comedian 

the steelers make me mad

pfp by @flynnscorner

#NFLTwitter",,False,"{'url': {'urls': [{'start': 0, 'end': 23, 'url': 'https://t.co/ne3oML4a1z', 'expanded_url': 'https://www.roblox.com/users/24069687/profile', 'display_url': 'roblox.com/users/24069687â€¦'}]}, 'description': {'hashtags': [{'start': 121, 'end': 132, 'tag': 'NFLTwitter'}], 'mentions': [{'start': 106, 'end': 119, 'username': 'flynnscorner'}]}}",233532
147,1304148414486196225,SkyNinja_RBX,5154,27879,#PakistanZindabad |Name: UmarğŸ˜| 19 | Tiny Youtuber |Thankful for all of the support |Pakistani | Obsessed With CarsğŸ’–| Part Of #RTC | She Said YesğŸ¥° l Muslim,"Pakistan, Lahore ğŸ‡µğŸ‡°",False,"{'url': {'urls': [{'start': 0, 'end': 23, 'url': 'https://t.co/NOmy0dQVdd', 'expanded_url': 'https://linktr.ee/Sky_RTC', 'display_url': 'linktr.ee/Sky_RTC'}]}, 'description': {'hashtags': [{'start': 0, 'end': 17, 'tag': 'PakistanZindabad'}, {'start': 126, 'end': 130, 'tag': 'RTC'}]}}",233532
148,1433230641173237760,Purps_Roblox,114,3429,"quandale dingle wiki, add wuandale zinglton XI ğŸ™ I run the @DailyMovieKnock account. i ğŸ’˜ Little Bites He / Him NSFW DNI",Little Bites Factory,False,"{'description': {'mentions': [{'start': 59, 'end': 75, 'username': 'DailyMovieKnock'}]}}",233532
149,1247344728804184064,Skepticals_,9,63,youtuber â—‰ artist â—‰ graphic designer â—‰ roblox â—‰ coder,,False,"{'url': {'urls': [{'start': 0, 'end': 23, 'url': 'https://t.co/qCSk4Fv9AF', 'expanded_url': 'https://www.youtube.com/channel/UCYXckOiZYr7kuJuI7Goyz4A', 'display_url': 'youtube.com/channel/UCYXckâ€¦'}]}}",233532
150,945083509890338816,spongeis6,2151,1048,"ğŸ˜³.
- epic gamer!!!!!!!!!!!!!!!!!!!!!!
- animatiom :)
- 3D AND 2D artist! (1D too at one point but we don't talk about that.)
- â ¯âŠ»âªâµ€â®„âºâ¢",your basement wall :O,False,"{'url': {'urls': [{'start': 0, 'end': 23, 'url': 'https://t.co/98MD2UiY33', 'expanded_url': 'https://ko-fi.com/spongeis5', 'display_url': 'ko-fi.com/spongeis5'}]}}",233532
151,1010524647345885187,utenaxanthy,23,30364,ğŸ¦‰ğŸ‰â€¢ğŸŒ¸â€¢ these bones of mine are creakyâ€¢she/her,sa puso mo ğŸ‡µğŸ‡­,False,,233532
152,1504973341261770754,TheSp3dKid,99,5199,"12, bi, autistic, ADHD, OCD, Depression, PTSD. He/They/It/Bruh/Void/Yeet/Poison/Neon/Skull/Rot/Moon. I make memes. I follow back. I stole your grandma btw.",,False,,233532
153,1344533194289283073,N12KA3SiDxBaB87,13,395,"ã©ã†ã‚‚ã¾ãã®ã§ã™
ãƒŸãƒ©ãƒ†ã‚£ãƒ–ã§ãƒã‚¤ã‚¯ãƒ©é…ä¿¡ã—ã¦ã„ã¾ã™",,False,,233532
154,1532471130388418560,LilJaiteh,3,52,"I'm an upcoming rapper. Yet to release any tracks, but I will keep you all up to date on the future, and the start of my music career ğŸ‘ŠğŸ¾",,False,,233532
155,1530644847215910913,calewar1,4,7,â€¢14 â€¢snap: calewarts_c2019 â€¢insta: calewartsc2025,"Harrisonburg, VA",False,,233532
156,15383636,Vans,1278350,59451,The official Vans Twitter.,"California, USA",True,"{'url': {'urls': [{'start': 0, 'end': 23, 'url': 'https://t.co/hZbNWPLx05', 'expanded_url': 'http://www.vans.com', 'display_url': 'vans.com'}]}}",233532
157,1406484043860889605,mcbobu,77,1895,,,False,"{'url': {'urls': [{'start': 0, 'end': 23, 'url': 'https://t.co/ZQdFI9EIuJ', 'expanded_url': 'http://dnf.xn--6ii/', 'display_url': 'dnf.â €'}]}}",233532
158,1509875534515216396,nvemdi,63,1692,,,False,,233532
159,1461694397049757699,ggukiescartt,11,343,"selling on twt & tg, dm to avail .áŸ | open / looking for resellers | proofs of pinned post |
old : @cartninetyseven | @mcartz | @vantekoocart",open hours : 11am to 11pm,False,"{'url': {'urls': [{'start': 0, 'end': 23, 'url': 'https://t.co/vqnVTeyKgu', 'expanded_url': 'https://t.me/vanteekookie', 'display_url': 't.me/vanteekookie'}]}, 'description': {'mentions': [{'start': 99, 'end': 115, 'username': 'cartninetyseven'}, {'start': 118, 'end': 125, 'username': 'mcartz'}, {'start': 128, 'end': 141, 'username': 'vantekoocart'}]}}",233532
160,1328413165126897667,dydylmao,16,561,"700 hours on csgo, average roblox enjoyer, roblox animator
(every dreamsexual person looking at my profile, fuck off)",out of universe,False,"{'url': {'urls': [{'start': 0, 'end': 23, 'url': 'https://t.co/DvKLaF8VOO', 'expanded_url': 'http://dreamsexualvaccines.com', 'display_url': 'dreamsexualvaccines.com'}]}}",233532
161,945054994620850176,MrWarNoob,291,15013,i hate billionaires! i hate billionaires! - occasional funnies - i like cartoons and video games - aroace,he/him,False,,233532
162,1291143870689030144,yummytastemilk,15,1185,"loving mother of three , gay , virgin , raging racist (fuck horse racing)",disappointment. ,False,,233532
163,822959488831488000,CovenRBX,4386,7678,"ğŸ’»Co-Founder @BloxByteGames
ğŸ‘»Ghost Simulator Dev (formally)
ğŸ“@Roblox Intern 2021
ğŸŒ¹ https://t.co/Eozahts7pO 
ğŸ’¬Coven#0001 is my Discord

art credit:
@Zephirel","Ohio, USA",False,"{'url': {'urls': [{'start': 0, 'end': 23, 'url': 'https://t.co/5RL1S701vA', 'expanded_url': 'https://www.roblox.com/users/1033453714/profile', 'display_url': 'roblox.com/users/10334537â€¦'}]}, 'description': {'urls': [{'start': 82, 'end': 105, 'url': 'https://t.co/Eozahts7pO', 'expanded_url': 'http://youtube.com/c/CovenK', 'display_url': 'youtube.com/c/CovenK'}], 'mentions': [{'start': 12, 'end': 26, 'username': 'BloxByteGames'}, {'start': 60, 'end': 67, 'username': 'Roblox'}, {'start': 146, 'end': 155, 'username': 'Zephirel'}]}}",233532
164,828495957964656642,greenlegocats,102104,15473,"Roblox player since 2012. 1m+ place visits, 150m+ views, many amazing fans.
YT - greenlegocats123
IG - greenlegocats123
Discord - Disabled :(",Canada,False,"{'url': {'urls': [{'start': 0, 'end': 23, 'url': 'https://t.co/CjFNGcUze5', 'expanded_url': 'http://youtube.com/greenlegocats123', 'display_url': 'youtube.com/greenlegocats1â€¦'}]}}",233532
165,1385792643108466696,2021Rcfc,2162,81799,"Rangers FC News,Transfer News , Rumours Most Read in 24 hours #RangersFC #WATP",,False,"{'url': {'urls': [{'start': 0, 'end': 23, 'url': 'https://t.co/4axWfPrN97', 'expanded_url': 'https://rangersfcnews.org/', 'display_url': 'rangersfcnews.org'}]}, 'description': {'hashtags': [{'start': 62, 'end': 72, 'tag': 'RangersFC'}, {'start': 73, 'end': 78, 'tag': 'WATP'}]}}",233532
166,1411163233696718850,Harisnogaming11,12,152,Hi everyone i like JToH and i like to make a tower,Continent of Fireland ğŸ’€ğŸ’€,False,,233532
167,126139466,ResidentEvil,136342,994,#ResidentEvil: #WelcomeToRaccoonCity is Now on Blu-ray and Digital!,Raccoon City,True,"{'url': {'urls': [{'start': 0, 'end': 23, 'url': 'https://t.co/QY8P6xmuXF', 'expanded_url': 'https://bit.ly/RE_WTRC', 'display_url': 'bit.ly/RE_WTRC'}]}, 'description': {'hashtags': [{'start': 0, 'end': 13, 'tag': 'ResidentEvil'}, {'start': 15, 'end': 36, 'tag': 'WelcomeToRaccoonCity'}]}}",233532
168,1540941089607122946,julia_8920,0,3,WIE COOL IST DAS BITTE? JETZT ZOCKE ICH FORTNITE UND TRINKE COLA! YIPPEE!!!,in healthy marriage with wife,False,"{'url': {'urls': [{'start': 0, 'end': 23, 'url': 'https://t.co/PvgXowXhH8', 'expanded_url': 'https://www.youtube.com/watch?v=HoZlip3RJnk', 'display_url': 'youtube.com/watch?v=HoZlipâ€¦'}]}}",233532
169,1539832428432625664,WaltsonWeliam,11,3,"I am simple girl, work in study and live usa.",,False,,233532
170,1441916257385607173,MomosBot4000,66072,16126,"Bot que crea memes, momos, shitpost, con imÃ¡genes y plantillas.
Creadores: @JECR147 y @missgno_9
CÃ³digo MOMOSBOT4000 en Epic Games/Fortnite",C mamut,False,"{'url': {'urls': [{'start': 0, 'end': 23, 'url': 'https://t.co/oNdnyPMbGe', 'expanded_url': 'https://linktr.ee/momosbot4000', 'display_url': 'linktr.ee/momosbot4000'}]}, 'description': {'mentions': [{'start': 75, 'end': 83, 'username': 'JECR147'}, {'start': 86, 'end': 96, 'username': 'missgno_9'}]}}",233730
171,1126906946064457730,ahyuke,7903,155999,eu e alanzoka jogando rocket league,,False,"{'url': {'urls': [{'start': 0, 'end': 23, 'url': 'https://t.co/QpRTweXOuG', 'expanded_url': 'http://calango.xn--6iia/', 'display_url': 'calango.â €â €'}]}}",233730
172,1448679519011934209,MikeGamePro,3,211,"Hi I'm Michael I play roblox, fortnite and rec room",Earth,False,"{'url': {'urls': [{'start': 0, 'end': 23, 'url': 'https://t.co/V5W07HITSg', 'expanded_url': 'https://youtube.com/channel/UCEt9_JK3HcyA7gY84Ret5TQ', 'display_url': 'youtube.com/channel/UCEt9_â€¦'}]}}",233824
173,1524235667516973056,FilipinoMan2022,0,44,Some random user who is also a youtuber (mapper),,False,,233824
174,1477142749841620996,sancRR34,13298,475,"yes i make #rr34
collabs closed
inactive ig
he/him
cant animate lol
go check out @troaitltlt
my shitty deepwoken rr34 server: https://t.co/dybSUc5G87",,False,"{'description': {'urls': [{'start': 126, 'end': 149, 'url': 'https://t.co/dybSUc5G87', 'expanded_url': 'http://discord.gg/eVPmeP', 'display_url': 'discord.gg/eVPmeP'}], 'hashtags': [{'start': 11, 'end': 16, 'tag': 'rr34'}], 'mentions': [{'start': 81, 'end': 92, 'username': 'troaitltlt'}]}}",233824
175,1410109347913338884,chan_osis,12430,170,"if you can't take something like this just close and get away from this acc and..if you are kid under 18 yearold this zone is not for you go away now
l'm oreo.",,False,,233824
176,1342748768693702656,DniGyu,0,28,GÃ†!!!!! ğŸ‘¹ğŸ‘¹ğŸ‘¹ğŸ‘¹ğŸ‘¹,,False,,233824
177,1355408088636002306,imcooljayiguess,2,282,,,False,,233824
178,1260561495898894336,DziredRBLX,3873,1231,roblox content creator,FOLLOW ME! ğŸ’›,False,"{'url': {'urls': [{'start': 0, 'end': 23, 'url': 'https://t.co/b0Xr0fxCiS', 'expanded_url': 'http://www.youtube.com/Dzired', 'display_url': 'youtube.com/Dzired'}]}}",233824
179,1370830072593059840,N4buky,115,8279,"He/Them | 17 | Bisexual | Samoyed | BLM | Horror lover and DBD idiot | Ask for socials, I donâ€™t bite! | Pedos and Zoos not welcomed here | priv acc @napoopky",Held hostage by moots,False,"{'description': {'mentions': [{'start': 148, 'end': 157, 'username': 'napoopky'}]}}",233824
180,1465817608939196419,eitetona,638,13653,maldita sea   ei  que rico t mueves,any prns | ar 56 | 17,False,"{'url': {'urls': [{'start': 0, 'end': 23, 'url': 'https://t.co/okjsH5dOWX', 'expanded_url': 'http://ivsaski.carrd.co', 'display_url': 'ivsaski.carrd.co'}]}}",233824
181,1540861258601209856,Usiel59621836,0,1,usiel,,False,,233824
182,1347528405605113857,cattpiss,153,25369,you see your super gaming house demolished by a tractor // 1/2 of @braindedsuckle,she/her ğŸ³ï¸â€âš§ï¸,False,"{'url': {'urls': [{'start': 0, 'end': 23, 'url': 'https://t.co/duLlAxzpHM', 'expanded_url': 'https://soundcloud.app.goo.gl/ETkYuJZJDatFsN348', 'display_url': 'soundcloud.app.goo.gl/ETkYuJZJDatFsNâ€¦'}]}, 'description': {'mentions': [{'start': 66, 'end': 81, 'username': 'braindedsuckle'}]}}",233824
183,1537801871171133442,NadBlings,0,2,"|Jewelry storeğŸ¥°|
|Wristwatches and bracelets|âŒš
personal page @Luminous_naddy","Lagos, Nigeria",False,"{'description': {'mentions': [{'start': 61, 'end': 76, 'username': 'Luminous_naddy'}]}}",234221
184,1537801412419399681,KelleyA18002103,0,0,,,False,,234221
185,1537802038121316354,nikaaaaa_lovee,0,0,,,False,,234221
186,1039240898,domtnl97,2,0,,"RhÃ´ne, RhÃ´ne-Alpes",False,,234221
187,1357830977733689344,Jesterkuni,143,1820,"He/Him, 20.   I like memes and horror

""Even in another era, even if you pay in blood, the stones' curse surpasses time...

When are you from?""",somewhere i guess,False,,234221
188,2877924500,vancethot,1238,44517,"user is tricky on steam. gay. multi-fandom. oxenfree, dead by daylight, zero escape, anything horror related!! priv: @vanceth0t",he/him 18,False,"{'url': {'urls': [{'start': 0, 'end': 23, 'url': 'https://t.co/tQqsMr4YBO', 'expanded_url': 'https://store.steampowered.com/app/1195460/Last_Year/', 'display_url': 'store.steampowered.com/app/1195460/Laâ€¦'}]}, 'description': {'mentions': [{'start': 117, 'end': 127, 'username': 'vanceth0t'}]}}",234221
189,1273680360845373441,StockWowso,206,3529,"Stock holding - Investing - Trading

Sponsored by https://t.co/W92FC2iuqm
Supported by https://t.co/NGZr7E8HEN",,False,"{'url': {'urls': [{'start': 0, 'end': 23, 'url': 'https://t.co/OiP55aCWoY', 'expanded_url': 'https://wowsoapp.com/', 'display_url': 'wowsoapp.com'}]}, 'description': {'urls': [{'start': 50, 'end': 73, 'url': 'https://t.co/W92FC2iuqm', 'expanded_url': 'http://wowsoapp.com', 'display_url': 'wowsoapp.com'}, {'start': 87, 'end': 110, 'url': 'https://t.co/NGZr7E8HEN', 'expanded_url': 'http://soasterapp.com', 'display_url': 'soasterapp.com'}]}}",234221
190,1103107672734343170,infinisal,59,3485,"26,they/them,Traded in braincells for titties",,False,,234221
191,1080423819662315520,ConsumerLettuce,24,9365,"Sometimes draw -
Sometimes memes -
Never funny","Rio de Janeiro, Brazil",False,"{'url': {'urls': [{'start': 0, 'end': 23, 'url': 'https://t.co/UqGr1dNvBW', 'expanded_url': 'http://www.twitch.tv/the050', 'display_url': 'twitch.tv/the050'}]}}",234221
192,2857780588,MintChipMusic,12117,12237,CEO @TheMintStudios | Pre-order Kyle Rittenhouse's TURKEY SHOOT now: https://t.co/UuADgLAFhr,"Florida, USA",False,"{'url': {'urls': [{'start': 0, 'end': 23, 'url': 'https://t.co/UuADgLAFhr', 'expanded_url': 'http://RittenhouseGame.com', 'display_url': 'RittenhouseGame.com'}]}, 'description': {'urls': [{'start': 69, 'end': 92, 'url': 'https://t.co/UuADgLAFhr', 'expanded_url': 'http://RittenhouseGame.com', 'display_url': 'RittenhouseGame.com'}], 'mentions': [{'start': 4, 'end': 19, 'username': 'TheMintStudios'}]}}",234221
193,1532078533056598016,NotKDBurner12,63,1320,"my name is my roblox name
I love memes and basketball
I like making frens
age reveal in 2024",Memesketball ,False,,234221
194,1236757689411063808,DaRealMiniToon,637246,11919,Ahoy! I created a small game known as â€œPiggyâ€ with IK3As and @DaRealOptikk. Banner art by my friends! Instagram: miniminitoontoon,He / Him / They / Them,True,"{'url': {'urls': [{'start': 0, 'end': 23, 'url': 'https://t.co/Xy47b4VqmY', 'expanded_url': 'https://www.roblox.com/users/21823494/profile', 'display_url': 'roblox.com/users/21823494â€¦'}]}, 'description': {'mentions': [{'start': 61, 'end': 74, 'username': 'DaRealOptikk'}]}}",234221
195,1911670285,amzlst,1602,136219,#AmazonWishlist.,,False,"{'url': {'urls': [{'start': 0, 'end': 23, 'url': 'https://t.co/pqJTZENqwT', 'expanded_url': 'https://www.amazon.co.uk/', 'display_url': 'amazon.co.uk'}]}, 'description': {'hashtags': [{'start': 0, 'end': 15, 'tag': 'AmazonWishlist'}]}}",234221
196,1482019170657222660,Kyto_Kurenai,7,63,Random dude on twitter,Caribbean,False,,234221
197,812783243254632448,dev_keni,15562,3027,19 | @rolvestuff,he/him,False,"{'url': {'urls': [{'start': 0, 'end': 23, 'url': 'https://t.co/VFyomvlvUY', 'expanded_url': 'https://www.twitch.tv/devkeni_', 'display_url': 'twitch.tv/devkeni_'}]}, 'description': {'mentions': [{'start': 5, 'end': 16, 'username': 'rolvestuff'}]}}",234221
198,1303338418408218624,angellexx_,1689,61906,----Êš can u imagine not being an angel? ğŸ‘¼ğŸ½É â”Š13 (minor)â”Šhe/they/xeâ”Šrtc/rhtcâ”Šyoutuber/ 3d modellerâ”Š,ÇÊŒÉ uooÉ¯ÊÇuoÉ¥É,False,"{'url': {'urls': [{'start': 0, 'end': 23, 'url': 'https://t.co/bGNBC5kltt', 'expanded_url': 'https://bit.ly/angellexxsubscribe', 'display_url': 'bit.ly/angellexxsubscâ€¦'}]}}",234221
199,1213642434078367745,iiFer_plays,67500,24229,â­ï¸FerğŸ’«â€¢16â€¢He/Himâ€¢LGBTQ+ friendly ğŸ³ï¸â€ğŸŒˆâ€¢ ğŸ–Œmultitalented artist ğŸ¨â€¢ğŸ‘‘Royale high devğŸ‘‘,,False,"{'url': {'urls': [{'start': 0, 'end': 23, 'url': 'https://t.co/WLgoAibmDZ', 'expanded_url': 'https://www.instagram.com/iifer_plays/', 'display_url': 'instagram.com/iifer_plays/'}]}}",234221
200,729403902966145024,ROMANTlCAA,681,15283,he/them â€¢ RHTC â€¢ comms open â€¢ yannawashere åŒ åŒ åŒ åŒ III,layout: ikiwio,False,,234221
201,863416258607316992,Amelytic,3345,5331,art by @raiizenart,,False,"{'description': {'mentions': [{'start': 7, 'end': 18, 'username': 'raiizenart'}]}}",234221
202,1107640364016394240,MidnightGlam1,19418,30653,â€¢Self Taught artistâ€¢ â€¢he/himâ€¢ 15 â€¢ ğŸ‡¸ğŸ‡»,,False,"{'url': {'urls': [{'start': 0, 'end': 23, 'url': 'https://t.co/TCITatYmOJ', 'expanded_url': 'https://andyfuentesm.carrd.co', 'display_url': 'andyfuentesm.carrd.co'}]}}",234221
203,856650515874172928,robloxdevrel,618396,2200,"Empowering developers & creators to bring their imagination to life #RobloxDev 

For support go to https://t.co/jqWhIsyHWa",,True,"{'url': {'urls': [{'start': 0, 'end': 23, 'url': 'https://t.co/waS7ODkUxJ', 'expanded_url': 'http://developer.roblox.com/', 'display_url': 'developer.roblox.com'}]}, 'description': {'urls': [{'start': 99, 'end': 122, 'url': 'https://t.co/jqWhIsyHWa', 'expanded_url': 'http://rblx.co/help', 'display_url': 'rblx.co/help'}], 'hashtags': [{'start': 68, 'end': 78, 'tag': 'RobloxDev'}]}}",234221
204,1369087023244525570,CyanthianBot,22,22736,"accurate bot that accurately portrays @Bluethian
did i tell you how accurate this bot is?",kazui's arms,False,"{'description': {'mentions': [{'start': 38, 'end': 48, 'username': 'Bluethian'}]}}",234221
205,25065908,Playgamers,103,198075,Norwegian Xbox Community,Norway,False,"{'url': {'urls': [{'start': 0, 'end': 22, 'url': 'http://t.co/djI7H25Bh1', 'expanded_url': 'http://playgamers.net', 'display_url': 'playgamers.net'}]}}",234221
206,1537275817796829185,RiftRoyaleGame,487,1,"Roblox's premier Battle Royale.  Play for free on iOS, Android, Windows, and MacOS.",ğŸª‚,False,"{'url': {'urls': [{'start': 0, 'end': 23, 'url': 'https://t.co/WPFeF7XWxj', 'expanded_url': 'https://www.roblox.com/games/9611595239/Rift-Royale-RELEASED', 'display_url': 'roblox.com/games/96115952â€¦'}]}}",234221
207,19128467,koubaak,5828,10932,"Global Technology Policy and Metaverse Enthusiast @Meta Public Policy @intgovforum MAG, ex @Google, former @ICANN @ISOC and @Afrinic Boards","Tunis, Dubai, Washington DC",True,"{'url': {'urls': [{'start': 0, 'end': 23, 'url': 'https://t.co/yCV6wjK7YG', 'expanded_url': 'http://koubaa.net', 'display_url': 'koubaa.net'}]}, 'description': {'mentions': [{'start': 50, 'end': 55, 'username': 'Meta'}, {'start': 70, 'end': 82, 'username': 'intgovforum'}, {'start': 91, 'end': 98, 'username': 'Google'}, {'start': 107, 'end': 113, 'username': 'ICANN'}, {'start': 114, 'end': 119, 'username': 'ISOC'}, {'start': 124, 'end': 132, 'username': 'Afrinic'}]}}",234239
208,1422606248508366848,OTCMiguel,1,33,I Like Roblox,maroc,False,,234239
209,1274092618998337539,McLovinButReal,47,1821,"Hey, I'm McLovin. I get into twitter fights because I'm fucking scum. Avid he/him-be'er. Avid pansexual-be'er",My dirty basement,False,"{'url': {'urls': [{'start': 0, 'end': 23, 'url': 'https://t.co/BGe1r3lQuJ', 'expanded_url': 'http://fundtheballs.com', 'display_url': 'fundtheballs.com'}]}}",234239
210,992293860310073346,JamesRobloxX,8,182,Lisa is our queen!,,False,"{'url': {'urls': [{'start': 0, 'end': 23, 'url': 'https://t.co/dqZc3pZSbZ', 'expanded_url': 'https://youtu.be/OrWeqWvQbPk', 'display_url': 'youtu.be/OrWeqWvQbPk'}]}}",234239
211,1534252398956388353,Alexa30840680,0,1,Mmmâ€¦,,False,,234239
212,1339691564017328129,Enter_Entendre,80,16352,,"Detroit, MI",False,"{'url': {'urls': [{'start': 0, 'end': 23, 'url': 'https://t.co/ou8Ig73HH7', 'expanded_url': 'https://instagram.com/eighthmile_annie?utm_medium=copy_link', 'display_url': 'instagram.com/eighthmile_annâ€¦'}]}}",234239
213,275631775,ShadyRecords,267530,1538,Est. 1999,"Detroit, MI & New York City",True,"{'url': {'urls': [{'start': 0, 'end': 23, 'url': 'https://t.co/XYfciwDgjh', 'expanded_url': 'http://www.shadyrecords.com', 'display_url': 'shadyrecords.com'}]}}",234239
214,1311368702563176449,captideRBLX,1030,1354,âœ¨ â†£ UI Designer on Roblox âœ˜ @PlaySeabound Creator and Builder,"London, England",False,"{'description': {'mentions': [{'start': 28, 'end': 41, 'username': 'PlaySeabound'}]}}",234239
215,1079477391762833408,Ra1nyRBX,118,26,15 | Builder & 3D Modeler | Lead Developer & Founder of @GamesRa1ny.,"Atlanta, Ga",False,"{'description': {'mentions': [{'start': 56, 'end': 67, 'username': 'GamesRa1ny'}]}}",234239
216,1482451140012756995,Sam39797610,4,49,join our game https://t.co/QiRJ5AwoTwâ€¦ https://t.co/zte2ovDBY6â€¦,,False,"{'description': {'urls': [{'start': 14, 'end': 37, 'url': 'https://t.co/QiRJ5AwoTw', 'expanded_url': 'http://roblox.com/games/95675515', 'display_url': 'roblox.com/games/95675515'}, {'start': 39, 'end': 62, 'url': 'https://t.co/zte2ovDBY6', 'expanded_url': 'http://youtube.com/channel/UCRvZw', 'display_url': 'youtube.com/channel/UCRvZw'}]}}",234239
217,1537621173172850691,Bubblebee63,101,184,The Briâ€™ish one // Aroaoce Agenda Poulyam Lesbeon // #anontwt,its/its,False,"{'description': {'hashtags': [{'start': 53, 'end': 61, 'tag': 'anontwt'}]}}",234239
218,1217630622157393920,rollerrskates,166,7540,@SleepySurl | i fought off two mongol invasions | peaches are pretty good imo,,False,"{'description': {'mentions': [{'start': 0, 'end': 11, 'username': 'SleepySurl'}]}}",234239
219,1349043289287249920,kooracaodojimin,5630,4390,@SLIPKTH,only armyâ·,False,"{'url': {'urls': [{'start': 0, 'end': 23, 'url': 'https://t.co/xBTTfBqUKt', 'expanded_url': 'https://curiouscat.me/kooracaodojimin', 'display_url': 'curiouscat.me/kooracaodojimin'}]}, 'description': {'mentions': [{'start': 0, 'end': 8, 'username': 'SLIPKTH'}]}}",234239
220,1129838369503154176,catbag71,3,8,17 â˜†,,False,,234239
221,1538447319229575169,blankwavee,90,592,i hope @honeyconductor explodes || #anontwt,he/she || aroace spec,False,"{'description': {'hashtags': [{'start': 35, 'end': 43, 'tag': 'anontwt'}], 'mentions': [{'start': 7, 'end': 22, 'username': 'honeyconductor'}]}}",234239
222,866452839895355392,ElJulirozo,760,25187,18y||Creador de contenido en Youtube||Dibujo Minifiguras LEGO||Jugador frecuente de Fortnite||Escritor||#JulirozoOpinaDe,"BogotÃ¡, D.C., Colombia",False,"{'url': {'urls': [{'start': 0, 'end': 23, 'url': 'https://t.co/M6mWMuvvLr', 'expanded_url': 'https://linktr.ee/julirozorandoms', 'display_url': 'linktr.ee/julirozorandoms'}]}, 'description': {'hashtags': [{'start': 104, 'end': 120, 'tag': 'JulirozoOpinaDe'}]}}",234239
223,1459169195392790531,Sad_noob1234,4,32,There's nothing here,v,False,,234239
224,1472798202302644224,JordanMarcuslyn,79,125,"I'm Jordan and i do art, most contents here are OCs/stickman/roblox, also i'm multifandom, and i only speak Eng",,False,,234239
225,1453239992327843844,xxnvic,186,4184,,"SÃ£o Paulo, Brasil",False,,234239
226,1321513160155672577,therealpreneur_,610,53489,"The Real Preneur is an independent media and news organization that provides various content from entertainment, literature, politics, technology, sports, etc.",United States,False,"{'url': {'urls': [{'start': 0, 'end': 23, 'url': 'https://t.co/udQTLSFtyA', 'expanded_url': 'https://therealpreneur.com', 'display_url': 'therealpreneur.com'}]}}",234239
227,1415329626725957632,lvptzuyu,0,49,,,False,,234239
228,1264042918194511874,KarlaM00196921,2,9,,,False,,234239
229,1540757795917529088,GrmReaper6,0,7,,,False,,234239
230,3025674465,KreekCraft,874201,30812,Pop-Tarts please sponsor me | alt @LateToStream | https://t.co/LH7ueVQaMh | https://t.co/z6SMQDCtIJ | https://t.co/oHh2XDecoB | business: kreekcraft@moreyellow.com,"Pittsburgh, USA",True,"{'url': {'urls': [{'start': 0, 'end': 23, 'url': 'https://t.co/tb9oeGXpHU', 'expanded_url': 'https://direct.me/kreekcraft', 'display_url': 'direct.me/kreekcraft'}]}, 'description': {'urls': [{'start': 50, 'end': 73, 'url': 'https://t.co/LH7ueVQaMh', 'expanded_url': 'http://youtube.com/KreekCraft', 'display_url': 'youtube.com/KreekCraft'}, {'start': 76, 'end': 99, 'url': 'https://t.co/z6SMQDCtIJ', 'expanded_url': 'http://instagram.com/dakreekcraft', 'display_url': 'instagram.com/dakreekcraft'}, {'start': 102, 'end': 125, 'url': 'https://t.co/oHh2XDecoB', 'expanded_url': 'http://kreekshop.com', 'display_url': 'kreekshop.com'}], 'mentions': [{'start': 34, 'end': 47, 'username': 'LateToStream'}]}}",234239
231,2850532049,AlbertsStuff,1174425,10114,scoundrel,he/him,False,,234239
232,979769781548212224,InfinityRin,2,583,,,False,,234239
233,1539449701510131713,MuceddetBicer,0,0,,,False,,234239
234,1539448084245225472,BuatShopee4,0,0,,,False,,234239
235,1326322417027969029,RodrigoGrazian4,68,885,04/09/21 â¤ğŸ¥°,"San Juan, Argentina",False,,234239
236,1097163779287236608,027Rizzi,99,2552,"027
Be yourself","VitÃ³ria, Brazil",False,"{'url': {'urls': [{'start': 0, 'end': 23, 'url': 'https://t.co/T474OXArIT', 'expanded_url': 'https://www.instagram.com/luizfeliperizzi/', 'display_url': 'instagram.com/luizfeliperizzâ€¦'}]}}",234239
237,1539449051640373249,RamiroD7311836,2,0,,,False,,234239
238,983418999450062848,DannyRan_,1,31,,,False,,234239
239,2256822186,AboodFut,17,868,ÙˆØ§Ù„Ù„Ù‡ ÙˆØ¨Ø³,"Ø¬Ø¯Ø©, Ø§Ù„Ù…Ù…Ù„ÙƒØ© Ø§Ù„Ø¹Ø±Ø¨ÙŠØ© Ø§Ù„Ø³Ø¹ÙˆØ¯ÙŠØ©",False,,234239
240,1537679202547539969,MeghanaYeluguri,1,17,,,False,,234239
241,1539449623021903873,jayannaminniew1,0,0,,,False,,234239
242,1539444536853745666,KasunRa31022957,0,0,Nature Lover,,False,,234239
243,1539445019970793472,roblox_dobbo,0,0,I play boblox and yea i havent touched real grass in 5 years ğŸ˜± how long have u touched grass for?,,False,,234239
244,1539449168129048576,Qwertyu55759843,0,0,,,False,,234239
245,1539447736726016001,MAMATAM72644164,0,0,The king,,False,,234239
246,1204807220560646145,ULastdiva,215,2649,"miss cruise,vibes&amazing short fellowğŸ³ï¸â€ğŸŒˆprodigal ğŸ‡³ğŸ‡¬daughter ğŸŒˆ I follow backâ™ï¸ ğŸ“ŒLagosğŸ“ğŸ¤ŸğŸ¦„",,False,,234239
247,1539448672890474496,AbhishekDebarki,1,0,Pursuing Bachelor's of technology in Computer science with Machine Learning,"Vishakhapatnam, India",False,,234239
248,1539448914318794752,paulagrhodes,2,1,,,False,,234239
249,1539448700023586816,smailSe45227951,0,0,Ä°smail Sevimli,,False,,234239
250,1539448300071419904,BWainuskis,1,0,,,False,,234239
251,1487139129028714504,ana3693693,26,1076,.,,False,,234239
252,1365831895376822275,shyxtic,6210,16277,"â³ï¸~ proofs at @iibobatea_proof, giveaways pinned, sponsors openâ™¡ --6.1k+ loves, ğ“” ğŸ¤ Mw services open",she/her,False,"{'description': {'mentions': [{'start': 14, 'end': 30, 'username': 'iibobatea_proof'}]}}",234239
253,1046426304013373440,BaoD4ng,26,1562,battle run enthusiast,cant dox me,False,"{'url': {'urls': [{'start': 0, 'end': 23, 'url': 'https://t.co/VV6XpEbrbw', 'expanded_url': 'http://www.google.com', 'display_url': 'google.com'}]}}",234239
254,724049752241917952,HamadTheDolphin,139,2083,"ğŸ‡¨ğŸ‡¦ ğŸ‡®ğŸ‡¶ï½œâ˜ªï¸ï½œ 20ï½œYouTube : Hamad The Dolphin Man (11,000+ subs)ï½œRoblox : HamadTheDolphinManYTï½œTired of mandates âœŠğŸğŸš›ğŸššğŸ›» ï½œ#FreePalestine ğŸ‡µğŸ‡¸",Somewhere in QuÃ©bec.,False,"{'url': {'urls': [{'start': 0, 'end': 23, 'url': 'https://t.co/lbBXjjfN4x', 'expanded_url': 'https://www.youtube.com/hamadcheats', 'display_url': 'youtube.com/hamadcheats'}]}, 'description': {'hashtags': [{'start': 115, 'end': 129, 'tag': 'FreePalestine'}]}}",234239
255,713208007522279425,RPlusNotifier,100811,13433,Roblox+ item notifier twitter port account,,False,"{'url': {'urls': [{'start': 0, 'end': 23, 'url': 'https://t.co/beOCu7lAe4', 'expanded_url': 'https://roblox.plus/', 'display_url': 'roblox.plus'}]}}",234239
256,1361714929187889156,noelsbff,935,68020,mickey milkovich,he ,False,,234239
257,1411144995118141446,CloudyAviation,8,163,"Hi! I'm Cloudy. Welcome to my Twitter, I post Aviation, Sports & More! I have a YouTube channel called CloudMusic where I post often. Thanks for coming by! :)",USA,False,"{'url': {'urls': [{'start': 0, 'end': 23, 'url': 'https://t.co/SBHaciwW3U', 'expanded_url': 'https://www.youtube.com/channel/UC7wK56GRkBPgZCluAxh_tBw/about', 'display_url': 'youtube.com/channel/UC7wK5â€¦'}]}}",234239
258,1490443496012005378,bigsharpteef,139,287,"snarls hgrrrrgrgrnrrgrhrrr barks
#anontwt / #icontwt",he/vamp/howl - bodily 15,False,"{'description': {'hashtags': [{'start': 33, 'end': 41, 'tag': 'anontwt'}, {'start': 44, 'end': 52, 'tag': 'icontwt'}]}}",234239
259,1177996497675272192,games878787,33378,8897,"GG Games Oficial
| Twitch: https://t.co/aBWlLH40sX                
| YouTube: https://t.co/kMkzNzZbhR",gerard19871983@gmail.com,False,"{'url': {'urls': [{'start': 0, 'end': 23, 'url': 'https://t.co/GShn8LwZdi', 'expanded_url': 'https://bio.link/gggames', 'display_url': 'bio.link/gggames'}]}, 'description': {'urls': [{'start': 27, 'end': 50, 'url': 'https://t.co/aBWlLH40sX', 'expanded_url': 'http://twitch.tv/gggamestw', 'display_url': 'twitch.tv/gggamestw'}, {'start': 78, 'end': 101, 'url': 'https://t.co/kMkzNzZbhR', 'expanded_url': 'http://youtube.com/c/gggames87', 'display_url': 'youtube.com/c/gggames87'}]}}",234239
260,1540509505242505218,Shiki_GFXX,0,11,,,False,,234239
261,1423351292374568962,Fenchurch96,170,23031,desperately need the final season of AoT,,False,,234239
262,1446610777436209153,victwe1,25,735,"ğŸ¦…Will not over react if you reply,PolicyğŸ•Š
â¤ğŸ¤ğŸ’™-Victwe1",United States,False,"{'url': {'urls': [{'start': 0, 'end': 23, 'url': 'https://t.co/W2eCEM9mN0', 'expanded_url': 'https://web.roblox.com/users/789050285/profile', 'display_url': 'web.roblox.com/users/78905028â€¦'}]}}",234239
263,294993710,Bigbst4tz2,120856,38436,"â­CODE: ""BIGB2"" | 2M Subscribers | Dad/Content Creator l Business Inquiries: bigb@moreyellow.com",Germany,True,"{'url': {'urls': [{'start': 0, 'end': 23, 'url': 'https://t.co/ijZEKJJBMz', 'expanded_url': 'https://linktr.ee/Bigbst4tz2', 'display_url': 'linktr.ee/Bigbst4tz2'}]}}",234239
264,1393356035503558663,Qubelxy,207,14536,"encabezado de @elbokurista te amo ğŸŒ» cosplay ğŸŒ»Vera y Margaretha supremacy ğŸŒ» Kamille Bidan fan account 

ğŸŒ»she/her",,False,"{'description': {'mentions': [{'start': 14, 'end': 26, 'username': 'elbokurista'}]}}",234239
265,1491448676476145671,Benja_HZ24,11,81,,,False,,234239
266,1259528044865155073,Cid_nie,15378,17591,alt - @sundazez,æ„›ã—ã¦ã‚‹,False,"{'description': {'mentions': [{'start': 6, 'end': 15, 'username': 'sundazez'}]}}",234239
267,1433454452422451201,peachyylexi,110,38,ğŸ’Œcollabs | business: lexipeach2007@gmail.com Iâ€™m #peachyylexi Iâ€™m a #robloxyoutuber | â·ï½¡Ëš *NEW YOUTUBE VIDEO'S*..â¬‡ï¸,,False,"{'url': {'urls': [{'start': 0, 'end': 23, 'url': 'https://t.co/QD8Y8HIOC9', 'expanded_url': 'https://youtube.com/channel/UCNvAlcLbOvoLfgVzhMuGCWw', 'display_url': 'youtube.com/channel/UCNvAlâ€¦'}]}, 'description': {'hashtags': [{'start': 49, 'end': 61, 'tag': 'peachyylexi'}, {'start': 68, 'end': 83, 'tag': 'robloxyoutuber'}]}}",234239
268,1415976568611028994,BartNNH,2,590,Nice,,False,,234239
269,1338173849255333888,Richard40565164,15,116,Penny Stocks,,False,,234239
270,1539734563156631553,Mikkelkjr18R,0,0,,,False,,234239
271,1539733264205811713,SeherBasak1,0,0,"@kadriyesrk 
@cerenozelce",,False,"{'description': {'mentions': [{'start': 0, 'end': 11, 'username': 'kadriyesrk'}, {'start': 13, 'end': 25, 'username': 'cerenozelce'}]}}",234239
272,1539733330802970625,vsvczz412797,0,0,,,False,,234239
273,1539733256995631104,Anjar84670496,0,0,,,False,,234239
274,1539732779990011904,Nomamesotraves,0,0,,,False,,234239
275,1539736193268469760,mchgpr816906,0,0,,,False,,234239
276,1539735809980436480,gvppjb4vkm,0,1,,"Texas, USA",False,,234239
277,1539735993569357824,bm_mouse,0,0,deez,,False,,234239
278,1539735420870590465,komang1010,1,0,Nasi,,False,,234239
279,1539733250876260353,tira_do13,0,0,LookâœŒï¸ğŸ¤£,,False,,234239
280,1539733606960173058,smolrun,21,4,A purveyor of small batch NFTs.,,False,"{'url': {'urls': [{'start': 0, 'end': 23, 'url': 'https://t.co/8Nz6j534sI', 'expanded_url': 'https://smolrun.com', 'display_url': 'smolrun.com'}]}}",234239
281,1539733587494313990,BreadBr46931278,0,0,Bread,,False,,234239
282,1539733922485080066,gci_summer,0,1,I am habibi,,False,,234239
283,1539729612984434690,Pedro127115,0,0,,,False,,234239
284,1539733529969704960,fJFt2Y8p0LvGhhk,5,0,hi,,False,,234239
285,1539728965862047744,ROBLOX_HELP18,10,20,"Hey Everyone, i am Roblox_Help, I help ROBLOX GAMERS who has lost access to their ROBLOX ACCOUNT, Recover their account fast and safe  ğŸ‡±ğŸ‡·ğŸ’¯ğŸ’»...","New York, NY",False,,234239
286,1539733024111316992,keyStudioreal,1,1,KeyStudios is a we strive to innovate the way games are made on the Roblox platform! #KeyPride,HQãƒ»Indiana,False,"{'description': {'hashtags': [{'start': 85, 'end': 94, 'tag': 'KeyPride'}]}}",234239
287,1539733598223343617,DanielA32880419,0,0,,,False,,234239
288,1539965993941774344,SteveCakeHaze,5,45,"Hey! It's Steve aka NotAWovian from Freak Gang Aesthetics. 
I'm just a guy who likes fashion, science fiction, and I come up with weird stuff.",Europe,False,,234239
289,1429961839148888066,Hikaru10105486,119,17235,They/them | Hikaru | Multifandom â€¢ Multishipper; okay with most ships â€¢ Spoilers â€¢ Confused as hell,Ascending to fight god,False,,234239
290,1283843331743780865,crazygirIIygirI,559,2998,hi! || ğŸ³ï¸â€âš§ï¸ guy (he/it) || gay || i draw and model! || #1 james fan || i like a lotta things! || priv for venting: @laymohhh || minor || read rentry byf,crazygirllygirl#3110,False,"{'url': {'urls': [{'start': 0, 'end': 23, 'url': 'https://t.co/slP11TW9sh', 'expanded_url': 'https://rentry.co/jamesxD', 'display_url': 'rentry.co/jamesxD'}]}, 'description': {'mentions': [{'start': 116, 'end': 125, 'username': 'laymohhh'}]}}",234239
291,1533211703445536768,zZLangyTangyZz,41,412,"|| The walking meme || Why do I call blue popsicles CYAN popsicles? || I fxxking love hugs, head pats, BELLY RUBS, big guy should know (@Panther_From_KP) ||",he/him,False,"{'url': {'urls': [{'start': 0, 'end': 23, 'url': 'https://t.co/mvto2RVeN3', 'expanded_url': 'https://www.amazon.com', 'display_url': 'amazon.com'}]}, 'description': {'mentions': [{'start': 136, 'end': 152, 'username': 'Panther_From_KP'}]}}",234239
292,1514766249921761281,no_sleep_boi,32,292,"Hi!
I live in the void as seen on my banner
I love hugs man they feel so good
I'm open to rp's (also the funny erp too)
kazoos given: 4
sleepless nights: 24",in the void in the gas room,False,,234239
293,755477942503890944,lhlhugb0t,3109,37004,Ë—Ë‹ËÂ°â€¢ Track 6 mitam â€¢Â°ËËŠË— 19 | She / Her,Zee's wife (real!) â™¡,False,"{'url': {'urls': [{'start': 0, 'end': 23, 'url': 'https://t.co/pnMCjlP5ir', 'expanded_url': 'https://lhlhugb0t.carrd.co', 'display_url': 'lhlhugb0t.carrd.co'}]}}",234239
294,1247664022373228544,MathiasRj14,355,14129,hola soy mathias| soy fan de: #sonicTheHedgehog ğŸ¦”| me encanta: dibujar âœï¸| edad: 16 aÃ±os |ğŸš«NO HAGO PEDIDOSğŸš«| perfil: @NEK0PLATINUM,ğŸ‡µğŸ‡ªPerÃºğŸ‡µğŸ‡ª,False,"{'url': {'urls': [{'start': 0, 'end': 23, 'url': 'https://t.co/619WdAkeUa', 'expanded_url': 'https://youtube.com/channel/UCbZhDCu-TYV179aIeHa8I3g', 'display_url': 'youtube.com/channel/UCbZhDâ€¦'}]}, 'description': {'hashtags': [{'start': 30, 'end': 47, 'tag': 'sonicTheHedgehog'}], 'mentions': [{'start': 117, 'end': 130, 'username': 'NEK0PLATINUM'}]}}",234239
295,1407912607118467076,LCroketa,52,1219,"me gusta mucho Sonic ğŸ’™ 
me encanta dibujarâ¤ï¸âœ¨
solo dibujo en tradicional",the ligth planet ,False,"{'url': {'urls': [{'start': 0, 'end': 23, 'url': 'https://t.co/OiqVynfWaX', 'expanded_url': 'https://vm.tiktok.com/ZM8E8B7CK/', 'display_url': 'vm.tiktok.com/ZM8E8B7CK/'}]}}",234239
296,1536662503572250626,SayRipperD2me,0,2,,,False,,234239
297,1388809442062438400,DemsOnTop,3614,1075,Roblox YouTuber | God of Huge Pets,,False,"{'url': {'urls': [{'start': 0, 'end': 23, 'url': 'https://t.co/wrSrLpbP2o', 'expanded_url': 'https://www.youtube.com/c/demss', 'display_url': 'youtube.com/c/demss'}]}}",234239
298,1277084805667196928,_razz_matazz,95,2500,Dis/Dismas | He/They | NUMBER ONE DISMAS FAN | Firm believer in your mom jokes | Thief of mind | razzmatazz#0322,,False,,234239
299,1537179950196740097,NINIJH1,5,67,si dios existe que me mate,perdida,False,,234239
300,1435312129402445829,ranbowloom,78,5981,art by pulpdjuice on tumblr,he/they,False,,234239
301,1413110202547773446,t4tpos,1125,14620,cis ppl + nsfw accs + mspec lesbian/gay accs DNI!! || we are minors || @irljinx @saiIorshark,ian ğŸ¦´ & nio ğŸŒŸ,False,"{'description': {'mentions': [{'start': 71, 'end': 79, 'username': 'irljinx'}, {'start': 80, 'end': 92, 'username': 'saiIorshark'}]}}",234239
302,1508489270234865666,CastleSahne,2,585,"Sadece Yeni DeÄŸil, Herkes Ä°Ã§in Meyhaneâ€¦",KaleiÃ§i/Antalya,False,"{'url': {'urls': [{'start': 0, 'end': 23, 'url': 'https://t.co/92LsuPXQpQ', 'expanded_url': 'http://www.castlesahne.com', 'display_url': 'castlesahne.com'}]}}",234239
303,1539974536086441984,AhmetEr85892221,0,0,,,False,,234239
304,1532715042302480386,MicahKavadas,2,0,,,False,,234239
305,1861613413,amrondon17,26,99,Hay un camino x recorre,,False,,234239
306,1539973854084313093,Roblox_Dusty,0,1,I love ppl,,False,,234239
307,1539971412428959745,yournahian,1,19,NEVER BETTER,"Dhaka, Bangladesh",False,,234239
308,1539972709571907584,LuchtJonas,0,0,,,False,,234239
309,1539973962700312576,sagarikanath99,1,5,,,False,,234239
310,1539974446701678598,LiddiNicola,0,0,,,False,,234239
311,1539965845597655040,KingPromiseDeS2,2,0,"ğŸŒŸğŸ’«Your Success is 90% Effort, God 10%
So Just Imagine Been Lazy...!!!ğŸ’«ğŸŒŸ
ğŸ’¥Good To Be Alive ğŸ™",,False,,234239
312,830765653892091904,javier_jzc,2,0,ğŸ˜€,,False,,234239
313,1539972843680591875,GooberPyle10,0,0,Nothing,,False,,234239
314,1539973413539721219,hejran555425745,1,2,,,False,,234239
315,1539974309770166274,Andrej01154143,0,2,,,False,,234239
316,1539974496077025284,Georg88490834,0,0,Krk,,False,,234239
317,1539975979636240384,Blitzkrieg67395,0,0,Fun,,False,,234239
318,1539976093838364672,FethiyeAksoy4,0,0,,,False,,234239
319,1539975884148334592,MeetSahiv,1,0,,,False,,234239
320,1539974947124027395,HiromiPerez11,1,0,ğŸ¥°ğŸ¥°,,False,,234239
321,1104942469773328384,KeetBara,693,632,18+/SE-Asians/I do random stuffs/Bara/hyper/Commission soon,somewhere over the rainbowğŸŒˆ,False,,234239
322,1535740871588593665,sorrynotsorryfr,25,919,"I am a Super Mario Bros Fan! Not a big fan of Sonic The Hedgehog tho...
Alt: @SuperMarioFan89",Italy,False,"{'description': {'mentions': [{'start': 77, 'end': 93, 'username': 'SuperMarioFan89'}]}}",234239
323,1540688611569324032,RealSonicFanA2,14,146,"The Blue Blur's #1 Fan!// badniks and Sonic haters DNI// Funky individual, spread kindness and walk out with no villains!// Sonic Approved (#1 Shadow fan clone)",Green Hill Zone ,False,"{'url': {'urls': [{'start': 0, 'end': 23, 'url': 'https://t.co/RKOeTvK05y', 'expanded_url': 'http://jokeaccount.com', 'display_url': 'jokeaccount.com'}]}}",234239
324,1540693674761375750,RealMarioFan01,22,242,"The Red Plumber's #1 Fan // Koopas and Mario haters DNI // Goofy individual. I have a brother. // Mario Approved
(#1 Shadow The Hedgehog Fan clone)
(Joke acc.)",Mushroom Kingdom,False,"{'url': {'urls': [{'start': 0, 'end': 23, 'url': 'https://t.co/M8UocNwT9b', 'expanded_url': 'https://www.nintendo.com/', 'display_url': 'nintendo.com'}]}}",234239
325,1530214380679450624,hypersonicALT,10,240,This is my alt for backup's,,False,,234239
326,1115728297051082753,Idealoli,252,8175,"ğŸ‡¨ğŸ‡¦ ğŸ he/him

roblox dev (UI Designing & Building)
i am crazy with ideas","Quebec, Canada",False,"{'url': {'urls': [{'start': 0, 'end': 23, 'url': 'https://t.co/AvuyuKF9q1', 'expanded_url': 'https://www.roblox.com/users/372914675/profile', 'display_url': 'roblox.com/users/37291467â€¦'}]}}",234239
327,4861780901,headr0ws,3114,8732,i make stuff on roblox,,False,"{'url': {'urls': [{'start': 0, 'end': 23, 'url': 'https://t.co/zW7SbAzilF', 'expanded_url': 'https://r0w.carrd.co/', 'display_url': 'r0w.carrd.co'}]}}",234239
328,1540761125880561664,BenTech901,0,1,We've been helping people with their tech needs since 2021.,"New York City, New York",False,"{'url': {'urls': [{'start': 0, 'end': 23, 'url': 'https://t.co/35EkYZFn3y', 'expanded_url': 'http://bit.ly/bentechsupport', 'display_url': 'bit.ly/bentechsupport'}]}}",234239
329,1473655537682325512,PirateVisuaIs,1120,47,Production company with the main goal of providing affordable editing & GFX services to the community.,,False,,234239
330,1539944745514016768,phoenixstrum,119,77,black â€¢ butch vampire â€¢ 15 â€¢ proship dni â€¢ txti byf,@glyphth3ory's nonart acc,False,"{'url': {'urls': [{'start': 0, 'end': 23, 'url': 'https://t.co/CSChRzjqOF', 'expanded_url': 'http://txti.es/theostxt', 'display_url': 'txti.es/theostxt'}]}}",234239
331,1368907407024398338,Shipguy1,1,20,,,False,,234239
332,347591743,LeahAshe,500711,10890,Business inquiries: â™¡ â˜» TheLeahAshe@gmail.com â€¢ Pink Queen ğŸ‘‘ â€¢ ğŸŒŸCODE: LEAHASHE when buying Robux â€¢ 4M Angels,"Los Angeles, CA",True,"{'url': {'urls': [{'start': 0, 'end': 23, 'url': 'https://t.co/eJXjtT2P7h', 'expanded_url': 'https://www.youtube.com/channel/UCyQVt6PHgeW2kmh7mYJfGdQ', 'display_url': 'youtube.com/channel/UCyQVtâ€¦'}]}}",234239
333,2608153474,AshleyTheUni,59915,14762,"Use Code ""Unicorn"" when buying ROBUX! 
Business inquiries: ashley@blackshore.com","Austin, TX",False,"{'url': {'urls': [{'start': 0, 'end': 23, 'url': 'https://t.co/xulllKGti2', 'expanded_url': 'https://linktr.ee/AshleyTheUnicorn', 'display_url': 'linktr.ee/AshleyTheUnicoâ€¦'}]}}",234239
334,2586443965,MeganPlays,426260,31472,â€œPOV: she literally never stops talkingâ€ #STAYPEACHY ğŸ‘ ğŸŒ¸,"She/Her | Dallas, TX",True,"{'url': {'urls': [{'start': 0, 'end': 23, 'url': 'https://t.co/XR9Q1f2aAu', 'expanded_url': 'https://direct.me/meganplays', 'display_url': 'direct.me/meganplays'}]}, 'description': {'hashtags': [{'start': 41, 'end': 52, 'tag': 'STAYPEACHY'}]}}",234239
335,2911087242,katlienteee,6883,2936,Twitch Partner (40k) âœ¨stream advice tiktokker (400k) | social content producer @dignitas | ğŸ’ @achauie | email: katliente.ttv@gmail.comğŸ”¥â™¥@lol_eXyu (she/her),"California, USA",False,"{'url': {'urls': [{'start': 0, 'end': 23, 'url': 'https://t.co/r2SqUxdf4A', 'expanded_url': 'http://www.twitch.tv/katliente', 'display_url': 'twitch.tv/katliente'}]}, 'description': {'mentions': [{'start': 79, 'end': 88, 'username': 'dignitas'}, {'start': 93, 'end': 101, 'username': 'achauie'}, {'start': 136, 'end': 145, 'username': 'lol_eXyu'}]}}",234239
336,4499556257,hannahxxrose,637778,5971,"rose obsessed streamer ğŸŒ¹ - Use code ""Hannah"" at @GFuelEnergy - ğŸŒ· https://t.co/bN6nt9mLne - contact: HannahxxrosePR@gmail.com",,True,"{'url': {'urls': [{'start': 0, 'end': 23, 'url': 'https://t.co/JnoYEkbMvV', 'expanded_url': 'https://www.youtube.com/c/hannahxxrose', 'display_url': 'youtube.com/c/hannahxxrose'}]}, 'description': {'urls': [{'start': 65, 'end': 88, 'url': 'https://t.co/bN6nt9mLne', 'expanded_url': 'http://twitch.tv/hannahxxrose', 'display_url': 'twitch.tv/hannahxxrose'}], 'mentions': [{'start': 48, 'end': 60, 'username': 'GFuelEnergy'}]}}",234239
337,69981632,VidCon,342914,14179,"Join us for VidCon 2022 in Anaheim, June 22 - 25!",,True,"{'url': {'urls': [{'start': 0, 'end': 23, 'url': 'https://t.co/rBSQLa5vtp', 'expanded_url': 'https://linktr.ee/vidcon', 'display_url': 'linktr.ee/vidcon'}]}}",234239
338,1348289000486952960,juljuly054,16,441,"i have the iq of an air purifier
dont talk to the man in orange he will steal your connective tissue - me, 6/22",she/they | minor,False,"{'url': {'urls': [{'start': 0, 'end': 23, 'url': 'https://t.co/BP1Iz6WOOe', 'expanded_url': 'https://z3r0n1c.carrd.co/', 'display_url': 'z3r0n1c.carrd.co'}]}}",234239
339,1212818307981557760,Vumahs,145,1295,"Hi, i'm Kai! â­ 
18 | Content Creator | Editor

â€¢ https://t.co/dRbxJciSae | (1.2k+)",,False,"{'url': {'urls': [{'start': 0, 'end': 23, 'url': 'https://t.co/W2G6jUb9rJ', 'expanded_url': 'https://www.youtube.com/Vumas', 'display_url': 'youtube.com/Vumas'}]}, 'description': {'urls': [{'start': 49, 'end': 72, 'url': 'https://t.co/dRbxJciSae', 'expanded_url': 'http://youtube.com/vumas', 'display_url': 'youtube.com/vumas'}]}}",234239
