userid,username,followers,tweets,profile_desc,location,verified,entities
1530455173964832768,BurntClovers,7,40,"Hello! BurntClovers here! I am a Twitch streamer, and Roblox creator. I run a digital studio called BC Studios. Creating is my passion.",,False,"{'url': {'urls': [{'start': 0, 'end': 23, 'url': 'https://t.co/Gw624MZe5b', 'expanded_url': 'https://www.twitch.tv/burntclovers', 'display_url': 'twitch.tv/burntclovers'}]}}"
1280632147343216641,plebcy,127758,6141,creator of things,he/him,False,"{'url': {'urls': [{'start': 0, 'end': 23, 'url': 'https://t.co/R9Y0udqOgn', 'expanded_url': 'https://twitch.tv/plebcyy', 'display_url': 'twitch.tv/plebcyy'}]}}"
1412199573183938565,KasimAkrBot,2848,329384,Follow @KasimAkr a free cookie and giveaways!!,,False,"{'description': {'mentions': [{'start': 7, 'end': 16, 'username': 'KasimAkr'}]}}"
1341231174929268736,bankai_kin,165,281,"i am sexy asf, bleach is best show. Iâ€™m ass at fortnite and havenâ€™t uploaded on YouTube for the past 4 months | f8 moderator",,False,
1324836609741725696,MLTGaming2,5652,2052,"Welcome to my official MLT Gaming Twitter! Make sure to follow me to know when I post, Thanks! ğŸ‘ğŸ”¥",Canada,False,"{'url': {'urls': [{'start': 0, 'end': 23, 'url': 'https://t.co/KnXUzUdtXc', 'expanded_url': 'https://www.youtube.com/c/MLTGaming2', 'display_url': 'youtube.com/c/MLTGaming2'}]}}"
1442818404147073032,sarsabaka,855,3166,di aq masama dahil aq ay @mabootyingtao,"he/they. 
ua ooc.
interactive.
active liker.",False,"{'url': {'urls': [{'start': 0, 'end': 23, 'url': 'https://t.co/QqbO7RMzWs', 'expanded_url': 'http://3N.xn--rf4a', 'display_url': '3N.éƒ'}]}, 'description': {'mentions': [{'start': 25, 'end': 39, 'username': 'mabootyingtao'}]}}"
1318067133750759424,kremstiq,1096,13666,"thanks for the memories, lol.",,False,
899262239802183680,8c_6t,225,54641,ë§ë‘ë§ë‘,,False,
1384492986671669253,Covid_Roblox,171,534,WINTERICE,,False,
1473504963573678080,Stole_YourWife,156,4237,gay #HSRRP,/,False,"{'url': {'urls': [{'start': 0, 'end': 23, 'url': 'https://t.co/e32ZyGBPb3', 'expanded_url': 'http://honkaistarrail.com', 'display_url': 'honkaistarrail.com'}]}, 'description': {'hashtags': [{'start': 4, 'end': 10, 'tag': 'HSRRP'}]}}"
1251465219278123009,dwinrs3,2456,3707,"Follow back 100%

#Followback | #Bitcoin | #BTC | #ETH | #LTC | #Ethereum | #ICO | #Cryptocurrency | #BlockChain | #Coin | #Altcoin | #Crypto | #Bounty",,False,"{'url': {'urls': [{'start': 0, 'end': 23, 'url': 'https://t.co/XuQMFFIxNP', 'expanded_url': 'https://bitcoinvids.blogspot.com/', 'display_url': 'bitcoinvids.blogspot.com'}]}, 'description': {'hashtags': [{'start': 18, 'end': 29, 'tag': 'Followback'}, {'start': 32, 'end': 40, 'tag': 'Bitcoin'}, {'start': 43, 'end': 47, 'tag': 'BTC'}, {'start': 50, 'end': 54, 'tag': 'ETH'}, {'start': 57, 'end': 61, 'tag': 'LTC'}, {'start': 64, 'end': 73, 'tag': 'Ethereum'}, {'start': 76, 'end': 80, 'tag': 'ICO'}, {'start': 83, 'end': 98, 'tag': 'Cryptocurrency'}, {'start': 101, 'end': 112, 'tag': 'BlockChain'}, {'start': 115, 'end': 120, 'tag': 'Coin'}, {'start': 123, 'end': 131, 'tag': 'Altcoin'}, {'start': 134, 'end': 141, 'tag': 'Crypto'}, {'start': 144, 'end': 151, 'tag': 'Bounty'}]}}"
17463660,GlenGilmore,289148,80865,"he/him âš–ï¸ | TIME ""man of action"" ğŸ“•Author | @RutgersU Adj ğŸ›Former Mayor | #TechForGood #SDGs #web3 #Metaverse #5G #smm ğŸ¥ @HealthcareLdr ğŸŒ @TravelEsquire",GlenGilmore@GlenGilmore.com,True,"{'url': {'urls': [{'start': 0, 'end': 23, 'url': 'https://t.co/k7QJD5Hk7e', 'expanded_url': 'https://www.linkedin.com/in/GlenGilmoreEsq/', 'display_url': 'linkedin.com/in/GlenGilmoreâ€¦'}]}, 'description': {'hashtags': [{'start': 73, 'end': 85, 'tag': 'TechForGood'}, {'start': 86, 'end': 91, 'tag': 'SDGs'}, {'start': 92, 'end': 97, 'tag': 'web3'}, {'start': 98, 'end': 108, 'tag': 'Metaverse'}, {'start': 109, 'end': 112, 'tag': '5G'}, {'start': 113, 'end': 117, 'tag': 'smm'}], 'mentions': [{'start': 43, 'end': 52, 'username': 'RutgersU'}, {'start': 120, 'end': 134, 'username': 'HealthcareLdr'}, {'start': 137, 'end': 151, 'username': 'TravelEsquire'}]}}"
17906428,ATTBusiness,91700,18473,"Inspiring stories and trusted solutions for businesses large and small. https://t.co/1L5hlDuu1l
For support, contact @ATTBusinessCare","Dallas, TX",True,"{'url': {'urls': [{'start': 0, 'end': 23, 'url': 'https://t.co/qk0UQy7cb6', 'expanded_url': 'http://www.business.att.com', 'display_url': 'business.att.com'}]}, 'description': {'urls': [{'start': 72, 'end': 95, 'url': 'https://t.co/1L5hlDuu1l', 'expanded_url': 'https://www.business.att.com/', 'display_url': 'business.att.com'}], 'mentions': [{'start': 117, 'end': 133, 'username': 'ATTBusinessCare'}]}}"
432365580,Hana_ElSayyed,39735,20849,Founder | CHRO | Changemaker | #futureofwork Influencer | #Sustainability #WomenInTech #Robots #Automation #HR | Success is going to bed with soul at peace,"Dubai, UAE",False,"{'url': {'urls': [{'start': 0, 'end': 23, 'url': 'https://t.co/IUF9nFRhrt', 'expanded_url': 'https://www.linkedin.com/in/hanadielsayyed', 'display_url': 'linkedin.com/in/hanadielsayâ€¦'}]}, 'description': {'hashtags': [{'start': 31, 'end': 44, 'tag': 'futureofwork'}, {'start': 58, 'end': 73, 'tag': 'Sustainability'}, {'start': 74, 'end': 86, 'tag': 'WomenInTech'}, {'start': 87, 'end': 94, 'tag': 'Robots'}, {'start': 95, 'end': 106, 'tag': 'Automation'}, {'start': 107, 'end': 110, 'tag': 'HR'}]}}"
22516489,adamsconsulting,142471,194726,#Tech journalist | #Apple ACN since 2009 | Saving Lives Through TechnologyğŸ˜œ | #ArtificialIntelligence #5G #AI #ML #Automation #IoT | #XRP #RUNEğŸ¹ğŸŒ•,Atlanta,False,"{'url': {'urls': [{'start': 0, 'end': 23, 'url': 'https://t.co/00T3bL25yM', 'expanded_url': 'http://www.adamsconsultinggroup.com', 'display_url': 'adamsconsultinggroup.com'}]}, 'description': {'hashtags': [{'start': 0, 'end': 5, 'tag': 'Tech'}, {'start': 19, 'end': 25, 'tag': 'Apple'}, {'start': 78, 'end': 101, 'tag': 'ArtificialIntelligence'}, {'start': 102, 'end': 105, 'tag': '5G'}, {'start': 106, 'end': 109, 'tag': 'AI'}, {'start': 110, 'end': 113, 'tag': 'ML'}, {'start': 114, 'end': 125, 'tag': 'Automation'}, {'start': 126, 'end': 130, 'tag': 'IoT'}, {'start': 133, 'end': 137, 'tag': 'XRP'}, {'start': 138, 'end': 143, 'tag': 'RUNE'}]}}"
16476911,Shi4Tech,41213,399343,"Tech Influencer. Minimalist. Proud supporter of change-makers. 

#SDGs #AI #TechForGood #Innovation #CyberSecurity #FutureOfWork 

NO Direct Messages, PleaseğŸ’™",WORLD CITIZENğŸ’™ DM-FREE ZONE,False,"{'description': {'hashtags': [{'start': 65, 'end': 70, 'tag': 'SDGs'}, {'start': 71, 'end': 74, 'tag': 'AI'}, {'start': 75, 'end': 87, 'tag': 'TechForGood'}, {'start': 88, 'end': 99, 'tag': 'Innovation'}, {'start': 100, 'end': 114, 'tag': 'CyberSecurity'}, {'start': 115, 'end': 128, 'tag': 'FutureOfWork'}]}}"
1175377309676781568,BetaMoroney,9112,83269,Founder & Managing Partner @BetaDigitalLtd | Director for #Digital #Leadership @IMI_Ireland | Co-founder @DTLabUCC | #DigitalTransformation #Strategy #fintech,Dublin & London,False,"{'description': {'hashtags': [{'start': 58, 'end': 66, 'tag': 'Digital'}, {'start': 67, 'end': 78, 'tag': 'Leadership'}, {'start': 117, 'end': 139, 'tag': 'DigitalTransformation'}, {'start': 140, 'end': 149, 'tag': 'Strategy'}, {'start': 150, 'end': 158, 'tag': 'fintech'}], 'mentions': [{'start': 27, 'end': 42, 'username': 'BetaDigitalLtd'}, {'start': 79, 'end': 91, 'username': 'IMI_Ireland'}, {'start': 105, 'end': 114, 'username': 'DTLabUCC'}]}}"
14921015,dfriez,3640,28081,"#InfluencerMarketing and #SocialMedia @TopRank Marketing; University of North Dakota fanatic ğŸ’ #UNDproud
#StaySafe #MaskUp","Minneapolis, MN",False,"{'url': {'urls': [{'start': 0, 'end': 23, 'url': 'https://t.co/ctn4WX3LpV', 'expanded_url': 'http://www.linkedin.com/in/dfriez', 'display_url': 'linkedin.com/in/dfriez'}]}, 'description': {'hashtags': [{'start': 0, 'end': 20, 'tag': 'InfluencerMarketing'}, {'start': 25, 'end': 37, 'tag': 'SocialMedia'}, {'start': 95, 'end': 104, 'tag': 'UNDproud'}, {'start': 105, 'end': 114, 'tag': 'StaySafe'}, {'start': 115, 'end': 122, 'tag': 'MaskUp'}], 'mentions': [{'start': 38, 'end': 46, 'username': 'TopRank'}]}}"
2415478665,KanezaDiane,20641,147636,"#WomenInPower #influencer #Finance #Energy #Mining in #Africa
https://t.co/N4KYbSCCFW","(34) Barcelona, EspaÃ±ağŸ‡ªğŸ‡¦ğŸ‡ªğŸ‡º",False,"{'description': {'urls': [{'start': 62, 'end': 85, 'url': 'https://t.co/N4KYbSCCFW', 'expanded_url': 'https://www.linkedin.com/in/diane-kaneza-b70592200', 'display_url': 'linkedin.com/in/diane-kanezâ€¦'}], 'hashtags': [{'start': 0, 'end': 13, 'tag': 'WomenInPower'}, {'start': 14, 'end': 25, 'tag': 'influencer'}, {'start': 26, 'end': 34, 'tag': 'Finance'}, {'start': 35, 'end': 42, 'tag': 'Energy'}, {'start': 43, 'end': 50, 'tag': 'Mining'}, {'start': 54, 'end': 61, 'tag': 'Africa'}]}}"
492890318,sebbourguignon,42801,96116,ğŸš€ #PortraitDeStartuper #Innovation #Digital #TransfoNum #Startup #Blockchain #Tech | CEO @chainguru_io | Directeur Conseil @SopraSteria_fr,"Paris, France",True,"{'url': {'urls': [{'start': 0, 'end': 23, 'url': 'https://t.co/pytsHqQoGX', 'expanded_url': 'http://sebastienbourguignon.com', 'display_url': 'sebastienbourguignon.com'}]}, 'description': {'hashtags': [{'start': 2, 'end': 22, 'tag': 'PortraitDeStartuper'}, {'start': 23, 'end': 34, 'tag': 'Innovation'}, {'start': 35, 'end': 43, 'tag': 'Digital'}, {'start': 44, 'end': 55, 'tag': 'TransfoNum'}, {'start': 56, 'end': 64, 'tag': 'Startup'}, {'start': 65, 'end': 76, 'tag': 'Blockchain'}, {'start': 77, 'end': 82, 'tag': 'Tech'}], 'mentions': [{'start': 89, 'end': 102, 'username': 'chainguru_io'}, {'start': 123, 'end': 138, 'username': 'SopraSteria_fr'}]}}"
202590356,HaroldSinnott,94509,116914,"Technology influencer, speaker, author, digital consultant. #DigitalTransformation #AI #5G #IoT #Cloud #Edge #FutureOfWork #Automation #SDGs #Sustainability","Miami, FL USA",False,"{'url': {'urls': [{'start': 0, 'end': 23, 'url': 'https://t.co/WkWOkn6Ptc', 'expanded_url': 'http://www.linkedin.com/in/haroldsinnott/', 'display_url': 'linkedin.com/in/haroldsinnoâ€¦'}]}, 'description': {'hashtags': [{'start': 60, 'end': 82, 'tag': 'DigitalTransformation'}, {'start': 83, 'end': 86, 'tag': 'AI'}, {'start': 87, 'end': 90, 'tag': '5G'}, {'start': 91, 'end': 95, 'tag': 'IoT'}, {'start': 96, 'end': 102, 'tag': 'Cloud'}, {'start': 103, 'end': 108, 'tag': 'Edge'}, {'start': 109, 'end': 122, 'tag': 'FutureOfWork'}, {'start': 123, 'end': 134, 'tag': 'Automation'}, {'start': 135, 'end': 140, 'tag': 'SDGs'}, {'start': 141, 'end': 156, 'tag': 'Sustainability'}]}}"
130344472,enilev,5058,57918,"Top #Influencer #Tech #AI #ML #VR #AR #Blockchain #Neuro #Energy #Metaverse #Web3 #FashionTech #SDGs #renewables #DX, #5G #cyber advocate. Tweets are my own.","Washington, DC",False,"{'description': {'hashtags': [{'start': 4, 'end': 15, 'tag': 'Influencer'}, {'start': 16, 'end': 21, 'tag': 'Tech'}, {'start': 22, 'end': 25, 'tag': 'AI'}, {'start': 26, 'end': 29, 'tag': 'ML'}, {'start': 30, 'end': 33, 'tag': 'VR'}, {'start': 34, 'end': 37, 'tag': 'AR'}, {'start': 38, 'end': 49, 'tag': 'Blockchain'}, {'start': 50, 'end': 56, 'tag': 'Neuro'}, {'start': 57, 'end': 64, 'tag': 'Energy'}, {'start': 65, 'end': 75, 'tag': 'Metaverse'}, {'start': 76, 'end': 81, 'tag': 'Web3'}, {'start': 82, 'end': 94, 'tag': 'FashionTech'}, {'start': 95, 'end': 100, 'tag': 'SDGs'}, {'start': 101, 'end': 112, 'tag': 'renewables'}, {'start': 113, 'end': 116, 'tag': 'DX'}, {'start': 118, 'end': 121, 'tag': '5G'}, {'start': 122, 'end': 128, 'tag': 'cyber'}]}}"
1403861754808049666,Khulood_Almani,34451,49316,Top 3ï¸âƒ£ #World #Tech #Leader #Metaverse #AI @getengati |ğŸ“Œ https://t.co/zsd5tx3QmJğŸ“Œ|#CES2022 #MWC22 |Ø§Ù„ØªØ­ÙˆÙ„_Ø§Ù„Ø±Ù‚Ù…ÙŠ| Professor #DigitalTransformation #Innovation,Kingdom of Saudi Arabia,False,"{'url': {'urls': [{'start': 0, 'end': 23, 'url': 'https://t.co/wSY0VoIm9q', 'expanded_url': 'https://www.linkedin.com/in/dr-khulood-almani-595513162', 'display_url': 'linkedin.com/in/dr-khulood-â€¦'}]}, 'description': {'urls': [{'start': 58, 'end': 81, 'url': 'https://t.co/zsd5tx3QmJ', 'expanded_url': 'http://bit.ly/3ESyoWJ', 'display_url': 'bit.ly/3ESyoWJ'}], 'hashtags': [{'start': 8, 'end': 14, 'tag': 'World'}, {'start': 15, 'end': 20, 'tag': 'Tech'}, {'start': 21, 'end': 28, 'tag': 'Leader'}, {'start': 29, 'end': 39, 'tag': 'Metaverse'}, {'start': 40, 'end': 43, 'tag': 'AI'}, {'start': 83, 'end': 91, 'tag': 'CES2022'}, {'start': 92, 'end': 98, 'tag': 'MWC22'}, {'start': 125, 'end': 147, 'tag': 'DigitalTransformation'}, {'start': 148, 'end': 159, 'tag': 'Innovation'}], 'mentions': [{'start': 44, 'end': 54, 'username': 'getengati'}]}}"
1506824149012217862,AotuverseNFT,12777,98,"#2 most viewed Anime on @bilibili_en with 60 million fans and 1 billion views. Coming to P2E gaming on Solana!
Powered by @catheongaming
Supply: 1888
Mint: 2.50",,False,"{'url': {'urls': [{'start': 0, 'end': 23, 'url': 'https://t.co/xN6A4Tunx6', 'expanded_url': 'https://linktr.ee/aotuverse', 'display_url': 'linktr.ee/aotuverse'}]}, 'description': {'mentions': [{'start': 24, 'end': 36, 'username': 'bilibili_en'}, {'start': 122, 'end': 136, 'username': 'catheongaming'}]}}"
1378702037156732933,RadarsTrend,64,114354,TrendRadars,,False,"{'url': {'urls': [{'start': 0, 'end': 23, 'url': 'https://t.co/19ZtVHUJ6y', 'expanded_url': 'https://www.trendradars.com/', 'display_url': 'trendradars.com'}]}}"
1369451651254398978,chiakiibf,178,16436,el pollito pÃ­o el pollito pÃ­o,Ã©l / ella | 16,False,"{'url': {'urls': [{'start': 0, 'end': 23, 'url': 'https://t.co/1CVO9i56RA', 'expanded_url': 'http://kokosbi.carrd.co', 'display_url': 'kokosbi.carrd.co'}]}}"
1175604043638394881,Crewmate5Plays,131,3096,ç§ã¯ãƒ—ãƒ¬ã‚¤ãƒ¤ãƒ¼ã§ã¯ã‚ã‚Šã¾ã›ã‚“ã€‚ç§ã¯ã‚²ãƒ¼ãƒãƒ¼ã§ã™ã€‚ ( Â´-Ï‰ï½¥)ï¸»â”»â”³â•â•â” ( â•¥ï¹â•¥) 140äººã®ãƒ•ã‚©ãƒ­ãƒ¯ãƒ¼ã«åˆ°é”(à¹‘â€¢Ì€á„‡â€¢Ì)Ùˆ âœ§ Why am I short .-.,Road to 140 followers,False,"{'url': {'urls': [{'start': 0, 'end': 23, 'url': 'https://t.co/GblaeMO4am', 'expanded_url': 'https://pin.it/51lHmw2', 'display_url': 'pin.it/51lHmw2'}]}}"
1456700904837627909,P3xFlareon,241,2541,He/Him | Bisexual | 16 | Autistic | Professional idiot | Flareon/gen 9 starter stan. | Indie dev @FabricsStitches | Friends/team: @DarkCindersOOC,None ya business,False,"{'url': {'urls': [{'start': 0, 'end': 23, 'url': 'https://t.co/1dFymaQ6fG', 'expanded_url': 'https://www.youtube.com/channel/UCSa77nZcmtvdBgSbFi980nw', 'display_url': 'youtube.com/channel/UCSa77â€¦'}]}, 'description': {'mentions': [{'start': 97, 'end': 113, 'username': 'FabricsStitches'}, {'start': 130, 'end': 145, 'username': 'DarkCindersOOC'}]}}"
1387192789125931008,Wolf_UwU6,379,30798,"age: 16
she/her ğŸ³ï¸â€âš§ï¸
ate food, survived against all odds",my moms house,False,
899494453974577152,replicantpinky,14438,177899,I am the cheese. I am the best character on the show. I am better than both the bologna and salami combined.,"Millersville, MD",False,
1265050839997132801,matipanqueques,24,472,fan obsesionado de tyrone de los backyardigans,where the others gave u scars,False,"{'url': {'urls': [{'start': 0, 'end': 23, 'url': 'https://t.co/yRsV2YQnhO', 'expanded_url': 'https://linkr.bio/msztii', 'display_url': 'linkr.bio/msztii'}]}}"
1226892605713195008,tunolsen,931,16001,no sana no life,ğŸ§ she,False,
1342713056258883584,CALLNlNG,995,53570,"If we live fast, let us die young ğŸ«¶",Renjuns significant other ,False,"{'url': {'urls': [{'start': 0, 'end': 23, 'url': 'https://t.co/rMEggPLz3v', 'expanded_url': 'https://joeyitwas.carrd.co', 'display_url': 'joeyitwas.carrd.co'}]}}"
1315055635847929861,hearts4heiizou,1421,41802,"PFP ; @una_chanko, SHE/HE/THEY ! ËËŠË—",MATCHiNG WiTH AMOR,False,"{'url': {'urls': [{'start': 0, 'end': 23, 'url': 'https://t.co/dJogAxotiW', 'expanded_url': 'https://aethersupacool.carrd.co/', 'display_url': 'aethersupacool.carrd.co'}]}, 'description': {'mentions': [{'start': 6, 'end': 17, 'username': 'una_chanko'}]}}"
1491997104385916931,Freakdude77,1,16,Just  A Roblox Player Chillin',,False,
985359254184964096,SharkBloxYT,137545,3979,i don't check this app everyday,"London, United Kingdom",False,"{'url': {'urls': [{'start': 0, 'end': 23, 'url': 'https://t.co/lRB6YL1CGZ', 'expanded_url': 'https://www.youtube.com/c/sharkblox', 'display_url': 'youtube.com/c/sharkblox'}]}}"
1433775508802707463,oreI_orL,3384,1938,"hello, im orel aka I_orL
dev for @Boss_StudioRBLX
@thebossinnicar1
and working for a few front page games
im a 3d modeler
discord:
(commissions closed)",,False,"{'description': {'mentions': [{'start': 33, 'end': 49, 'username': 'Boss_StudioRBLX'}, {'start': 50, 'end': 66, 'username': 'thebossinnicar1'}]}}"
1461755925669236737,TBOR_Official,85,69,"ã€Š Official Twitter Account for the Roblox Game ""Backrooms: The Backstage of Reality"" ã€‹
ã€Š Managed by @PoggersCris ã€‹
ã€Š TBOR Socials : https://t.co/waOQIQHE3z ã€‹",The Backrooms,False,"{'url': {'urls': [{'start': 0, 'end': 23, 'url': 'https://t.co/DNd9dMQgoV', 'expanded_url': 'https://bio.link/btbor', 'display_url': 'bio.link/btbor'}]}, 'description': {'urls': [{'start': 132, 'end': 155, 'url': 'https://t.co/waOQIQHE3z', 'expanded_url': 'http://bio.link/btbor', 'display_url': 'bio.link/btbor'}], 'mentions': [{'start': 100, 'end': 112, 'username': 'PoggersCris'}]}}"
1353432567530270721,floralnss,22,1042,"â†¬ wattpad writer â†«

â†¬ probably ND â†«

â†¬ rat dad â†«

@LJ_Animations â™¡

â†¬ mcyt â†«
â†¬ little nightmares â†«
â†¬ heartstopper â†«
â†¬ dialtown â†«
â†¬ adventure time â†«",she/he/they sapphic ğŸ‡ºğŸ‡¸ğŸ‡³ğŸ‡±,False,"{'url': {'urls': [{'start': 0, 'end': 23, 'url': 'https://t.co/HdNA8MUu7q', 'expanded_url': 'https://en.pronouns.page/@azurelgn', 'display_url': 'en.pronouns.page/@azurelgn'}]}, 'description': {'mentions': [{'start': 50, 'end': 64, 'username': 'LJ_Animations'}]}}"
1368801133213478918,Clean06686645,1,108,"i am me, me is good.
https://t.co/kc7IBCTjyR",,False,"{'description': {'urls': [{'start': 21, 'end': 44, 'url': 'https://t.co/kc7IBCTjyR', 'expanded_url': 'https://linktr.ee/NT4A_', 'display_url': 'linktr.ee/NT4A_'}]}}"
4093077509,ftDerpy,66334,9599,,,False,"{'url': {'urls': [{'start': 0, 'end': 23, 'url': 'https://t.co/DuneSJbWzg', 'expanded_url': 'https://www.youtube.com/ftDerpy', 'display_url': 'youtube.com/ftDerpy'}]}}"
1378739911466049539,arcanecoinvt,587,9476,âœ§â‹„â‹†â‹…â‹†â‹„arcade spirit âœ§ ğŸ¨ #ARTcane âœ§ #ENVtuber âœ§ ãƒãƒ: @hirona_ame âœ§ ãƒ‘ãƒ‘: @shroomytheslime âœ§ design ãƒãƒ: @milikuuki âœ§ h: @hirona_ame âœ§ i:@lowlifeonigiree âœ§ PREDEBUT,she/her âœ§ 23 âœ§ ENG,False,"{'url': {'urls': [{'start': 0, 'end': 23, 'url': 'https://t.co/VECtcrbykX', 'expanded_url': 'http://arcanecoinvt.carrd.co', 'display_url': 'arcanecoinvt.carrd.co'}]}, 'description': {'hashtags': [{'start': 24, 'end': 32, 'tag': 'ARTcane'}, {'start': 35, 'end': 44, 'tag': 'ENVtuber'}], 'mentions': [{'start': 51, 'end': 62, 'username': 'hirona_ame'}, {'start': 69, 'end': 85, 'username': 'shroomytheslime'}, {'start': 99, 'end': 109, 'username': 'milikuuki'}, {'start': 115, 'end': 126, 'username': 'hirona_ame'}, {'start': 131, 'end': 147, 'username': 'lowlifeonigiree'}]}}"
772125420842082304,leothegambler,214,4101,"Pun makin, dad joking, gamer, streamer and author who wants to make you smile. Love ya!

pfp: @JamieVTuber

Banner: @Insomnia_Oxide

ğŸ’œHersğŸ’œ: @theunluckyM",,False,"{'url': {'urls': [{'start': 0, 'end': 23, 'url': 'https://t.co/LI0VXHcDrx', 'expanded_url': 'https://www.twitch.tv/leothegambler', 'display_url': 'twitch.tv/leothegambler'}]}, 'description': {'mentions': [{'start': 94, 'end': 106, 'username': 'JamieVTuber'}, {'start': 116, 'end': 131, 'username': 'Insomnia_Oxide'}, {'start': 141, 'end': 153, 'username': 'theunluckyM'}]}}"
942699992866734080,MontyCapy,140,1298,"A capybara Boi living in a not so Capybara world. model art done by @MortisGh0st. he/him
https://t.co/Hi2ANn0WnS",,False,"{'description': {'urls': [{'start': 89, 'end': 112, 'url': 'https://t.co/Hi2ANn0WnS', 'expanded_url': 'http://twitch.tv/MontyCapy', 'display_url': 'twitch.tv/MontyCapy'}], 'mentions': [{'start': 68, 'end': 80, 'username': 'MortisGh0st'}]}}"
1327443861245808641,Marissaiscool53,1347,14885,"She/they, a Jewish Roblox artist/YouTuber/singer/ musician who loves skunks ğŸ¦¨â¤ï¸ #marissatwt , #vstwt, and #zardtwt art: @Daisydoesntkn0w",Robloxia,False,"{'url': {'urls': [{'start': 0, 'end': 23, 'url': 'https://t.co/SKXYXY4bdY', 'expanded_url': 'https://marissaiscool53.carrd.co/', 'display_url': 'marissaiscool53.carrd.co'}]}, 'description': {'hashtags': [{'start': 80, 'end': 91, 'tag': 'marissatwt'}, {'start': 94, 'end': 100, 'tag': 'vstwt'}, {'start': 106, 'end': 114, 'tag': 'zardtwt'}], 'mentions': [{'start': 120, 'end': 136, 'username': 'Daisydoesntkn0w'}]}}"
2875133455,bskillz_149,250,8497,"30 years old

Bskillz149 on Roblox
Bskillz149#7520 on Discord
Barrywhite149 on Instagram
Roblox YouTuber 2,855 subscribers strong!
Marvel & DC Fan",,False,
3025674465,KreekCraft,874475,30812,Pop-Tarts please sponsor me | alt @LateToStream | https://t.co/LH7ueVQaMh | https://t.co/z6SMQDCtIJ | https://t.co/oHh2XDecoB | business: kreekcraft@moreyellow.com,"Pittsburgh, USA",True,"{'url': {'urls': [{'start': 0, 'end': 23, 'url': 'https://t.co/tb9oeGXpHU', 'expanded_url': 'https://direct.me/kreekcraft', 'display_url': 'direct.me/kreekcraft'}]}, 'description': {'urls': [{'start': 50, 'end': 73, 'url': 'https://t.co/LH7ueVQaMh', 'expanded_url': 'http://youtube.com/KreekCraft', 'display_url': 'youtube.com/KreekCraft'}, {'start': 76, 'end': 99, 'url': 'https://t.co/z6SMQDCtIJ', 'expanded_url': 'http://instagram.com/dakreekcraft', 'display_url': 'instagram.com/dakreekcraft'}, {'start': 102, 'end': 125, 'url': 'https://t.co/oHh2XDecoB', 'expanded_url': 'http://kreekshop.com', 'display_url': 'kreekshop.com'}], 'mentions': [{'start': 34, 'end': 47, 'username': 'LateToStream'}]}}"
1420896037502431232,jinvergente,7356,19780,ã…¤âŸâŸeven when the sky comes falling @pjimcloud,"ğ—¯ğ˜ğ˜€, thanks for being here. thanks for letting me love you. thanks for smiling and doing everything different. just ğ˜ğ—µğ—®ğ—»ğ—¸ ğ˜†ğ—¼ğ˜‚.",False,"{'url': {'urls': [{'start': 0, 'end': 23, 'url': 'https://t.co/3HdavLAtI2', 'expanded_url': 'https://taejinhopekook.xn--q3h/', 'display_url': 'taejinhopekook.â˜†'}]}, 'description': {'mentions': [{'start': 35, 'end': 45, 'username': 'pjimcloud'}]}}"
3309027664,jbngtan,3396,31852,eu e o jungkook no rock in bieber daqui 73 dias,s!her,False,"{'url': {'urls': [{'start': 0, 'end': 23, 'url': 'https://t.co/yMend3MExi', 'expanded_url': 'http://armylieber.xn--lba', 'display_url': 'armylieber.Â®'}]}}"
1526846123369197568,JamilTiglao,0,9,Fan And Supporter Of Sly,,False,
778450189627498496,VuxxVuxx,151895,4902,"Content Creator, Gamer & Musician
biz: contact@vuxvux.com",United States,True,"{'url': {'urls': [{'start': 0, 'end': 23, 'url': 'https://t.co/DlHWnaekPe', 'expanded_url': 'http://beacons.ai/vuxvux', 'display_url': 'beacons.ai/vuxvux'}]}}"
1514914738995888136,zayn_kyrie,21,42,"London Airways ğŸ‡¬ğŸ‡§ - Airways for the British and the people.
Online on CCS everyday! âœˆï¸ğŸ‡¬ğŸ‡§","London, UK",False,
1140636697769758720,CabinCrewRBLX,9051,297,"Discord Server: https://t.co/fALhnSUBSY
Cruising Studios Group: https://t.co/GwveMPckso
Cabin Crew Fan Club Group: https://t.co/5eQEE0BLw2",Roblox,False,"{'url': {'urls': [{'start': 0, 'end': 23, 'url': 'https://t.co/3RF0SfxFnS', 'expanded_url': 'https://go.cruising.studio/ccsrblx', 'display_url': 'go.cruising.studio/ccsrblx'}]}, 'description': {'urls': [{'start': 16, 'end': 39, 'url': 'https://t.co/fALhnSUBSY', 'expanded_url': 'http://go.cruising.studio/discord', 'display_url': 'go.cruising.studio/discord'}, {'start': 64, 'end': 87, 'url': 'https://t.co/GwveMPckso', 'expanded_url': 'http://go.cruising.studio/csrblx', 'display_url': 'go.cruising.studio/csrblx'}, {'start': 115, 'end': 138, 'url': 'https://t.co/5eQEE0BLw2', 'expanded_url': 'http://go.cruising.studio/ccfc', 'display_url': 'go.cruising.studio/ccfc'}]}}"
1478964067381436416,kohaIuna,79,2273,#kohaluna: les4les ! â˜†å½¡ she/they/it â€” 14 â€”very multifandom â€” M/W @llyfionagilman & @LUCAL0VEB0T,(â— ËƒÌ¶ÍˆÌ€ãƒ­Ë‚Ì¶ÍˆÌ)à©­ê ¥â¾â¾ @NERDKOMAEDA,False,"{'description': {'hashtags': [{'start': 0, 'end': 9, 'tag': 'kohaluna'}], 'mentions': [{'start': 65, 'end': 80, 'username': 'llyfionagilman'}, {'start': 83, 'end': 95, 'username': 'LUCAL0VEB0T'}]}}"
1163447213353250821,trimilio,0,3,YouTuber primarily.,,False,"{'url': {'urls': [{'start': 0, 'end': 23, 'url': 'https://t.co/3K8vlTz3D0', 'expanded_url': 'https://m.youtube.com/channel/UCwcGVlT1Et9U-O0QxTEEoFw', 'display_url': 'm.youtube.com/channel/UCwcGVâ€¦'}]}}"
916712592315502593,OilyEDM,71,2970,F1 - Red Bull | NHL - Edmonton Oilers | CFL - Edmonton Elks | NBA - Toronto Raptors | MLB - Toronto Blue Jays | Soccer - Canada/Argentina,01000101 01000100 01001101,False,"{'url': {'urls': [{'start': 0, 'end': 23, 'url': 'https://t.co/A50oIX5ajA', 'expanded_url': 'http://youtube.com/c/aarnavo', 'display_url': 'youtube.com/c/aarnavo'}]}}"
856650515874172928,robloxdevrel,618474,2200,"Empowering developers & creators to bring their imagination to life #RobloxDev 

For support go to https://t.co/jqWhIsyHWa",,True,"{'url': {'urls': [{'start': 0, 'end': 23, 'url': 'https://t.co/waS7ODkUxJ', 'expanded_url': 'http://developer.roblox.com/', 'display_url': 'developer.roblox.com'}]}, 'description': {'urls': [{'start': 99, 'end': 122, 'url': 'https://t.co/jqWhIsyHWa', 'expanded_url': 'http://rblx.co/help', 'display_url': 'rblx.co/help'}], 'hashtags': [{'start': 68, 'end': 78, 'tag': 'RobloxDev'}]}}"
16745055,Roblox,5129796,10281,"Bringing the world together to play, create, explore, and socialize within millions of 3D virtual worlds. 

For support, go to https://t.co/yRCNeQf3Nf.",California,True,"{'url': {'urls': [{'start': 0, 'end': 23, 'url': 'https://t.co/nETwh2gRPi', 'expanded_url': 'https://rblx.co/Roblox', 'display_url': 'rblx.co/Roblox'}]}, 'description': {'urls': [{'start': 127, 'end': 150, 'url': 'https://t.co/yRCNeQf3Nf', 'expanded_url': 'http://rblx.co/help', 'display_url': 'rblx.co/help'}]}}"
1524618086078320640,HappyHour_PH,11,195,happy hour shop! (open 7:30 AM to 9:30PM) ğŸ’—ğŸŒ¸,,False,
916422770388623361,Dan_Guacamole79,145,25930,â­ï¸I dev games on Roblox cuz dats my hobbyâ­ï¸| â­ï¸6 years of Lua experienceâ­ï¸| Bi/Asexual? | â­ï¸Mainly just post about game dev or random stuffâ­ï¸|,ğŸ‡¸ğŸ‡ª/ğŸ‡«ğŸ‡®,False,
1513912500399620097,nbymizuki,460,3831,istj lesbian in need of enfp gf | ic: @lioarys,"she it vamp doll fae pix â™¡
nby lesbian 16 tme white
rentry byf | no they/them",False,"{'url': {'urls': [{'start': 0, 'end': 23, 'url': 'https://t.co/LioKBu9NTc', 'expanded_url': 'http://rentry.co/mizuenagf', 'display_url': 'rentry.co/mizuenagf'}]}, 'description': {'mentions': [{'start': 38, 'end': 46, 'username': 'lioarys'}]}}"
1162468416885624832,maaferwolfhard,1295,5593,âŠ¹ ï¹™ ğŸŒ±ğŸ“ƒ ï¹š à­­Ì¥ escuchando lovejoy con tommy.,âŒ— she/her â€¢ eng/esp ï¼,False,
1473152008626458626,melvssnf,126,3593,cocinando tamales con el dream team. :3,harrys house// she/him,False,
1448843057286295579,stanmarshquote,71,19752,mostly silly quotes nothing should be real on what i post (i think),he  ,False,
1499648150109564930,beomtaoz,56,4002,choi beomgyu hater,,False,"{'url': {'urls': [{'start': 0, 'end': 23, 'url': 'https://t.co/CinBoi6gkt', 'expanded_url': 'http://txti.es/beomtaoz', 'display_url': 'txti.es/beomtaoz'}]}}"
1425908540825288705,KutekutoBonsai,599,10569,Welcome to the hell known as my profile.,,False,"{'url': {'urls': [{'start': 0, 'end': 23, 'url': 'https://t.co/6cnrEAbPp8', 'expanded_url': 'https://doodle-world.fandom.com/f/p/4400000000000076336', 'display_url': 'doodle-world.fandom.com/f/p/4400000000â€¦'}]}}"
1350996060991315973,yoosptnik,1253,6111,born to be thursdays child,any prns | filo | rcbyf ,False,"{'url': {'urls': [{'start': 0, 'end': 23, 'url': 'https://t.co/Knh1XVaFIv', 'expanded_url': 'https://yoosptnik.carrd.co/', 'display_url': 'yoosptnik.carrd.co'}]}}"
1462070423839858699,healingrhea,1416,13042,narcissusâ€™ daughter,(+63) | rcbyf,False,"{'url': {'urls': [{'start': 0, 'end': 23, 'url': 'https://t.co/Q5H4TuXRZM', 'expanded_url': 'https://lvlyrhea.carrd.co/', 'display_url': 'lvlyrhea.carrd.co'}]}}"
1371839359972950016,AkumaSoruto,3,576,what,Leangrave,False,
1405994190618648586,Lucasifyy,1106,8466,"Arsenal, TC2, & TDS enjoyerğŸ¤ | L counter: 0âŒğŸ§¢| Only W'sğŸ’¯| Not a troll ğŸ§Œ| Block me = Pwned ğŸ¥±| IFB ğŸğŸ‘‘ | YB =ğŸ| DM if i dont FB ğŸ˜­| #spreeswoats #shinegoats",âš  60% of my posts are bait âš ,False,"{'url': {'urls': [{'start': 0, 'end': 23, 'url': 'https://t.co/ePA8UmGa7I', 'expanded_url': 'https://lucasify.carrd.co/', 'display_url': 'lucasify.carrd.co'}]}, 'description': {'hashtags': [{'start': 127, 'end': 139, 'tag': 'spreeswoats'}, {'start': 140, 'end': 151, 'tag': 'shinegoats'}]}}"
1317157284833873921,PostBlox,50,15,"ğŸ‘Œ Posting quality #Roblox content with the goal of going viral in the RTC community.

Yes, another account ran by @Guy_Awesomest ğŸ˜‚",Roblox Twitter,False,"{'description': {'hashtags': [{'start': 18, 'end': 25, 'tag': 'Roblox'}], 'mentions': [{'start': 114, 'end': 128, 'username': 'Guy_Awesomest'}]}}"
1262475250190688256,babycami456,0,8,,,False,
1530399081037803520,KymaniKing9,4,1,h u m a n,,False,
1056053249470541824,Roblox_RTC,457258,24465,It's our mission to be one with the community and make this the best place to be! | We are *NOT* @Roblox! | DM ğŸ’Œ with new info! | Layout by: @PazeTweets,Following â‰  Endorsement,False,"{'url': {'urls': [{'start': 0, 'end': 23, 'url': 'https://t.co/t4QnFMvIXg', 'expanded_url': 'http://rtcnews.ca', 'display_url': 'rtcnews.ca'}]}, 'description': {'mentions': [{'start': 97, 'end': 104, 'username': 'Roblox'}, {'start': 141, 'end': 152, 'username': 'PazeTweets'}]}}"
1527758165235875846,HetrySnull,3,61,I am An New user On Twitter,,False,
1395751600589791235,WhatsOnRoblox,192,2083,"Posting about the fastest growing new releases on Roblox! To show up here, a game must be new and have hit at least 100 active users.

Powered by @rtrack_live",,False,"{'url': {'urls': [{'start': 0, 'end': 23, 'url': 'https://t.co/OHu0nntane', 'expanded_url': 'https://v3.rtrack.live', 'display_url': 'v3.rtrack.live'}]}, 'description': {'mentions': [{'start': 146, 'end': 158, 'username': 'rtrack_live'}]}}"
1526655353550774273,Tupapidenki,6,84,Traigo unas ganas extremas de cojer,,False,
1508148122031214596,MomitoYaoyorozu,2511,1833,"ğ”¨ğ”ğ”¯ğ”© â™¡Ì·Ì¸
â™¡",En tu corazÃ³n chikibeiby,False,
1412986642395107337,totoygamingyt,321,418,SUBSCRIBE!,,False,
1504822387824820227,biggamespsxfan,1,84,I Love playing Roblox,,False,
1347764365689192448,RodriXLand,115,860,"â€¢He/Him â€¢ Spanish/English ğŸ‡²ğŸ‡½ â€¢ #Roblox player since 2016/#JustDance playerâ€¢ 24.2k+ place visits in roblox â€¢ #DuaLipa/#AvrilLavigne fan â€¢

Priv: @kevinelerizo_",Follow to see my new tweets!,False,"{'url': {'urls': [{'start': 0, 'end': 23, 'url': 'https://t.co/oaRjHkhMed', 'expanded_url': 'https://linktr.ee/Rodriland', 'display_url': 'linktr.ee/Rodriland'}]}, 'description': {'hashtags': [{'start': 31, 'end': 38, 'tag': 'Roblox'}, {'start': 57, 'end': 67, 'tag': 'JustDance'}, {'start': 108, 'end': 116, 'tag': 'DuaLipa'}, {'start': 117, 'end': 130, 'tag': 'AvrilLavigne'}], 'mentions': [{'start': 144, 'end': 158, 'username': 'kevinelerizo_'}]}}"
1491054071251288066,Axototlhere,171,4386,"Drawing, Minecraft animation call me Ax or Axo :D",,False,
1284175445366386688,WhirlpoolNation,14405,15663,|| Whirlpool || Content Creator â¤ï¸â€ğŸ”¥ || Twitch Streamer ğŸ’œ || Youtuber â¤ï¸ || 50k+ on TikTok https://t.co/EmYax6qmYA || banner by: @InatorSus,He/Him ,False,"{'url': {'urls': [{'start': 0, 'end': 23, 'url': 'https://t.co/vs2fJq5eXB', 'expanded_url': 'https://youtube.com/c/WhirlpoolMadness', 'display_url': 'youtube.com/c/WhirlpoolMadâ€¦'}]}, 'description': {'urls': [{'start': 91, 'end': 114, 'url': 'https://t.co/EmYax6qmYA', 'expanded_url': 'https://www.twitch.tv/whirlpoolnationIFka', 'display_url': 'twitch.tv/whirlpoolnatioâ€¦'}], 'mentions': [{'start': 129, 'end': 139, 'username': 'InatorSus'}]}}"
1302467941921943557,digitalcooki3,6778,37911,ğŸŒŸDigital ArtistğŸŒŸRoblox clothing designerğŸŒŸ Alt: @Ivy0Purple â­ï¸Owner of: @piggy_battlesâ­ï¸ She/Her â­ï¸pfp:@raireiruie,,False,"{'url': {'urls': [{'start': 0, 'end': 23, 'url': 'https://t.co/OSdgdfRSvx', 'expanded_url': 'https://m.youtube.com/channel/UC-RHttwvt1u9nNOG3yqQMQw/videos', 'display_url': 'm.youtube.com/channel/UC-RHtâ€¦'}]}, 'description': {'mentions': [{'start': 47, 'end': 58, 'username': 'Ivy0Purple'}, {'start': 71, 'end': 85, 'username': 'piggy_battles'}, {'start': 102, 'end': 113, 'username': 'raireiruie'}]}}"
44196397,elonmusk,99817240,18558,,,True,
1505661505139740674,Bushrat24k,374,3003,Hiya!I will eat ur kneecapsğŸ’âœ¨RAT SUPREMACY |âœ¨She\it\they\ğŸ’@NotZackery_ is mineğŸ’–GIMME UR COOKIESğŸ”ªğŸªRequestsâ€¢GrantedğŸ‘Œâœ¨bffs~@cheeziteater129 @ChrisTheOGToastâœ¨,Orphanage with Anthony & zackâ¤,False,"{'url': {'urls': [{'start': 0, 'end': 23, 'url': 'https://t.co/an4YvUBzcb', 'expanded_url': 'http://ibispaint.com', 'display_url': 'ibispaint.com'}]}, 'description': {'mentions': [{'start': 58, 'end': 70, 'username': 'NotZackery_'}, {'start': 120, 'end': 136, 'username': 'cheeziteater129'}, {'start': 137, 'end': 153, 'username': 'ChrisTheOGToast'}]}}"
2850532049,AlbertsStuff,1174688,10114,scoundrel,he/him,False,
1375582340634845193,traaa_a,8773,6255,Lolz,ğŸ‡¨ğŸ‡¦,False,"{'url': {'urls': [{'start': 0, 'end': 23, 'url': 'https://t.co/TIEBQoCs5i', 'expanded_url': 'https://www.youtube.com/channel/UCheCXY2QUPz_2mKev5tiIPQ', 'display_url': 'youtube.com/channel/UCheCXâ€¦'}]}}"
1101376954161229827,imcyrian,40739,906,"ğŸ›ï¸ MERCH: https://t.co/FqyEQH5tNH â€¢â€¢â€¢ 
Alt : @CyrBlox || Join my Discord Server! î¨€ğŸ’™",ã—ã‚Šã„ã‚ã‚“,False,"{'url': {'urls': [{'start': 0, 'end': 23, 'url': 'https://t.co/k9hR9fx4Aa', 'expanded_url': 'https://discord.gg/dMmnbmMr5Y', 'display_url': 'discord.gg/dMmnbmMr5Y'}]}, 'description': {'urls': [{'start': 10, 'end': 33, 'url': 'https://t.co/FqyEQH5tNH', 'expanded_url': 'https://www.roblox.com/catalog/8460009002/Cyrian-Merch', 'display_url': 'roblox.com/catalog/846000â€¦'}], 'mentions': [{'start': 45, 'end': 53, 'username': 'CyrBlox'}]}}"
2653325339,KarlJacobs_,3818781,8615,im funny haha (he/him) Biz: Karl@nightmedia.co,,True,"{'url': {'urls': [{'start': 0, 'end': 23, 'url': 'https://t.co/SxrmAmXMJ5', 'expanded_url': 'https://www.twitch.tv/karljacobs', 'display_url': 'twitch.tv/karljacobs'}]}}"
924361667546419200,PolarcubArt,78905,11622,"she/her â€¢ Youtuber, Artist specializing in 2D/3D and Vector! + UGC Creator â€¢ Thumbnail artist for @AlbertsStuff â€¢ fanart reference: https://t.co/sKXybvacoZ",ON ğŸ‡¨ğŸ‡¦ alt @polarincubnito,False,"{'url': {'urls': [{'start': 0, 'end': 23, 'url': 'https://t.co/cKMau4kYvO', 'expanded_url': 'http://ugc.works/Polarcub', 'display_url': 'ugc.works/Polarcub'}]}, 'description': {'urls': [{'start': 132, 'end': 155, 'url': 'https://t.co/sKXybvacoZ', 'expanded_url': 'http://t.ly/AVFR', 'display_url': 't.ly/AVFR'}], 'mentions': [{'start': 98, 'end': 111, 'username': 'AlbertsStuff'}]}}"
1196222334060945410,LiedYou1,6725,329,"Roblox Partial developer

Partial Youtuber (100k+ subs) https://t.co/sothaQGPcU",,False,"{'description': {'urls': [{'start': 56, 'end': 79, 'url': 'https://t.co/sothaQGPcU', 'expanded_url': 'https://youtube.com/c/LiedYou', 'display_url': 'youtube.com/c/LiedYou'}]}}"
19923144,NBA,38022508,304971,Check out the 2022 #NBADraft Presented by State Farm Draft Board! â¤µï¸,,True,"{'url': {'urls': [{'start': 0, 'end': 23, 'url': 'https://t.co/W8WGZkmBCd', 'expanded_url': 'https://app.link.nba.com/e/draftboard_', 'display_url': 'app.link.nba.com/e/draftboard_'}]}, 'description': {'hashtags': [{'start': 19, 'end': 28, 'tag': 'NBADraft'}]}}"
1341486791740764178,RoproIO,5681,102,"1,000,000+ Robloxians are using RoPro to add cool features to https://t.co/ijUcKiXC8W!

Developer: @Dice_RoPro
Contact: dice@ropro.io

*We aren't affiliated with https://t.co/ijUcKiXC8W*",,False,"{'url': {'urls': [{'start': 0, 'end': 23, 'url': 'https://t.co/ut3LTJd4Bs', 'expanded_url': 'https://ropro.io', 'display_url': 'ropro.io'}]}, 'description': {'urls': [{'start': 62, 'end': 85, 'url': 'https://t.co/ijUcKiXC8W', 'expanded_url': 'http://Roblox.com', 'display_url': 'Roblox.com'}, {'start': 162, 'end': 185, 'url': 'https://t.co/ijUcKiXC8W', 'expanded_url': 'http://Roblox.com', 'display_url': 'Roblox.com'}], 'mentions': [{'start': 99, 'end': 110, 'username': 'Dice_RoPro'}]}}"
1269675979464720387,that_beanyboi,1279,12,"i made find the little guys i think.
if you're here for a certain little bird ğŸ¦, type 'bird app' into the littlepedia",,False,
1304977490151170055,Beast100M,9932,525,The fan account counting down the percent until @MrBeast hits 100 Million Subscribers â–ªï¸ This account is run manually by @StoryAviraTime â–ªï¸ Tracking since 41.5%,Subscribe to MrBeast (do it),False,"{'url': {'urls': [{'start': 0, 'end': 23, 'url': 'https://t.co/2LDQRCGCMI', 'expanded_url': 'https://www.youtube.com/user/MrBeast6000', 'display_url': 'youtube.com/user/MrBeast60â€¦'}]}, 'description': {'mentions': [{'start': 48, 'end': 56, 'username': 'MrBeast'}, {'start': 121, 'end': 136, 'username': 'StoryAviraTime'}]}}"
2455740283,MrBeast,14563335,5578,I want to make the world a better place before I die,Follow me for a cookie,True,"{'url': {'urls': [{'start': 0, 'end': 23, 'url': 'https://t.co/aNux1s4HGP', 'expanded_url': 'https://feastables.com', 'display_url': 'feastables.com'}]}}"
783214,Twitter,61994840,15010,What's happening?!,everywhere,True,"{'url': {'urls': [{'start': 0, 'end': 23, 'url': 'https://t.co/DAtOo6uuHk', 'expanded_url': 'https://about.twitter.com/', 'display_url': 'about.twitter.com'}]}}"
1209247121230090241,Blackblue1113,39,3068,"Tiktok-Blackblue1113/ i rant, draw and retweet alot/pjsk/idv/genshin/obey me/ğŸ‡¦ğŸ‡º",she/they,False,
1305722635679006722,DexTheMistake,78,1208,"15
not a good roblox developer lol",he/him,False,
1103879455737405440,RodyTheRoad,2016,28508,17. Road of Roblox (and maybe #Eurovision). 6.5k subs on YT. Profile art by @IdioticThems.,ğŸ‡µğŸ‡­,False,"{'url': {'urls': [{'start': 0, 'end': 23, 'url': 'https://t.co/CG6FHWNttU', 'expanded_url': 'http://linktr.ee/RodyTheRoad', 'display_url': 'linktr.ee/RodyTheRoad'}]}, 'description': {'hashtags': [{'start': 30, 'end': 41, 'tag': 'Eurovision'}], 'mentions': [{'start': 76, 'end': 89, 'username': 'IdioticThems'}]}}"
1033127559406465035,scorpiosanchez_,51,200,"she/they
ENFP 2w3
Writer for @TheAVClub",,False,"{'url': {'urls': [{'start': 0, 'end': 23, 'url': 'https://t.co/WAEfkm1hq7', 'expanded_url': 'https://www.avclub.com/author/gabrielle-sanchez', 'display_url': 'avclub.com/author/gabrielâ€¦'}]}, 'description': {'mentions': [{'start': 29, 'end': 39, 'username': 'TheAVClub'}]}}"
1454445090588422146,MoonPlayxx,0,25,,,False,
1251677662810042371,model8197,320145,2322,YouTuber with 100K+ Subscribers || He/Him â­ï¸Star Code: MODEL,Canada,True,"{'url': {'urls': [{'start': 0, 'end': 23, 'url': 'https://t.co/hK1MiuOoQ9', 'expanded_url': 'https://bit.ly/Model8197Sub', 'display_url': 'bit.ly/Model8197Sub'}]}}"
1491600643857031177,BabyxdF,23,520,"Minecraft player ready to get better at modeling mobs love to chill and play #minecraft & #adoptme wanna join me

Somethings coming soon???",Under World,False,"{'description': {'hashtags': [{'start': 77, 'end': 87, 'tag': 'minecraft'}, {'start': 90, 'end': 98, 'tag': 'adoptme'}]}}"
1426466253791715332,adopt_amanda,3098,7728,Hi Everyone! Im Amanda! I believe you treat people the way you want to be treated! Show respect to get respect and always remember SmilesğŸ˜ƒ are free! â¤Building!,,False,
1318132600658030592,PoetryWRLD,1243,3038,"PoetryWRLD | ğŸ‡¨ğŸ‡¦ğŸ|https://t.co/0O714E0o1D
Fortnite Creator Code - POETRY #AD",,False,"{'description': {'urls': [{'start': 17, 'end': 40, 'url': 'https://t.co/0O714E0o1D', 'expanded_url': 'http://youtube.com/user/newbornj', 'display_url': 'youtube.com/user/newbornj'}], 'hashtags': [{'start': 72, 'end': 75, 'tag': 'AD'}]}}"
879821258225057794,sicksanityy,893,20482,"ğŸ¤â€” â #HuTao Wanter ! â

âŸ¿ Gay || Ace âœ§ â—¦ They áŸ¸áŸ¸ Them ğŸ‘»
Ily â¥ S : X : K : R : M

â™¡ ~ Follow ;; @Xoro_The_Ferret",PFP by: @Iconicleah,False,"{'url': {'urls': [{'start': 0, 'end': 23, 'url': 'https://t.co/HX2PWfvdlS', 'expanded_url': 'https://en.pronouns.page/@sicksanityy', 'display_url': 'en.pronouns.page/@sicksanityy'}]}, 'description': {'hashtags': [{'start': 5, 'end': 11, 'tag': 'HuTao'}], 'mentions': [{'start': 95, 'end': 111, 'username': 'Xoro_The_Ferret'}]}}"
1159360281090248705,Bentley28504823,13,311,Last account suspended-ğŸ’€,,False,
1385731994454163457,RLC_Roblox,2685,973,"RLC - Your place for fresh #Roblox leaks and news! 
âŒ We Aren't ROBLOX!
ğŸ”¥ Have anything we havenâ€™t posted? DM us and weâ€™ll post it. ğŸ“©",Roblox Metaverse,False,"{'url': {'urls': [{'start': 0, 'end': 23, 'url': 'https://t.co/Ap2PZrvxLA', 'expanded_url': 'http://rlcroblox.ml', 'display_url': 'rlcroblox.ml'}]}, 'description': {'hashtags': [{'start': 27, 'end': 34, 'tag': 'Roblox'}]}}"
1276153403501142017,RN_Noticias1,29105,12506,"ğŸŸï¸ El noticiero #1 de Roblox, donde podrÃ¡s informarte de las novedades de la plataforma y su comunidad; gerentes/funcionarios: @IJustDavi y @RadioCutoRBX.",Â¡No somos empleados de Roblox!,False,"{'url': {'urls': [{'start': 0, 'end': 23, 'url': 'https://t.co/pYskfOba1H', 'expanded_url': 'https://rnnoticiasrblx.com', 'display_url': 'rnnoticiasrblx.com'}]}, 'description': {'mentions': [{'start': 127, 'end': 137, 'username': 'IJustDavi'}, {'start': 140, 'end': 153, 'username': 'RadioCutoRBX'}]}}"
1492375173755981831,yupiosks,16,1822,me gusta aespa,,False,
1436933762953142273,icry4sbin,412,10559,im not a #thursdays_child i was born on wednesday | she/her : â€˜02 line áµ•Ìˆ,ëª¨ì•„,False,"{'url': {'urls': [{'start': 0, 'end': 23, 'url': 'https://t.co/ZxfF5brIif', 'expanded_url': 'https://nyx-nyx.carrd.co/#', 'display_url': 'nyx-nyx.carrd.co/#'}]}, 'description': {'hashtags': [{'start': 9, 'end': 25, 'tag': 'thursdays_child'}]}}"
1464276175166259200,p1scis_,60,17093,(16 he/they) gabis protector | saminmin & mafifi hate account | char lover,metamorfosis,False,"{'url': {'urls': [{'start': 0, 'end': 23, 'url': 'https://t.co/41iMwOE8De', 'expanded_url': 'https://aliotth.carrd.co', 'display_url': 'aliotth.carrd.co'}]}}"
1480030537532198913,jkchongo,80,14782,taehyun yoongi n jinkookâ€™s gf !! / jimin namu y jimena protector / gaeul y yo soulmatesâ™¡ â€” TE EXTRAÃ‘O JUNGKOOK,fercita maps,False,
765722263505149953,gabylvsyeonjun,1370,91338,she/they â€¢ dueÃ±a oficial de los dientes de taehyun â€¢ catnip â€¢ here for txt and bts,alioth maps,False,
1522822684014518272,thvpeloazul,24,5984,metiendo a jimin en una burbuja,samita maps,False,
1510367951723106312,StickyWoodGlue,1,284,I love my gf,,False,
1430908279207698432,imjustkaj,0,25,i play games,,False,
1078203950770388992,LeonKaladija,9202,6848,"18 / Croatian Developer / Car Enthusiast / Entrepreneur / 31M+ Vis

Instagram: @kaladjijaleon
Roblox: Croatian4K

Insterested in working with me? Send me a DM!",Republic of Croatia,False,"{'description': {'mentions': [{'start': 79, 'end': 93, 'username': 'kaladjijaleon'}]}}"
1300158162524405764,roblox_codoudou,105,3977,a random roblox developer,,False,
762368089400963072,FlameDevRBLX,6954,9577,"@Roblox Game DeveloperğŸ”¨
I love making games!ğŸ”¥",Republic of Croatia,False,"{'url': {'urls': [{'start': 0, 'end': 23, 'url': 'https://t.co/BSXCaEZpoL', 'expanded_url': 'https://discord.gg/gametribe', 'display_url': 'discord.gg/gametribe'}]}, 'description': {'mentions': [{'start': 0, 'end': 7, 'username': 'Roblox'}]}}"
1517904003534708740,CutecatUwU,1,6,I love Roblox!,,False,
1314830198144200704,111ynn,52,1405,lalita ğŸ‘©ğŸ»â€â¤ï¸â€ğŸ’‹â€ğŸ‘©ğŸ¼ğŸ’— | Ëšà­¨à­§â‹†,,False,
1152684644879544321,SanxzTV,318,1458,"Un estorbo humano ğŸ‡µğŸ‡ª  

ğŸ’™ #SanxzArt
ğŸ’œ YT: https://t.co/rk7RmuczlW
ğŸ’” Roblox: https://t.co/BA6iUc1MhN
âš¡ Discord: https://t.co/xdtZwH0Wia","Lima, PerÃº",False,"{'url': {'urls': [{'start': 0, 'end': 23, 'url': 'https://t.co/XH35MZ4r0N', 'expanded_url': 'http://twitch.tv/sanxzlive', 'display_url': 'twitch.tv/sanxzlive'}]}, 'description': {'urls': [{'start': 42, 'end': 65, 'url': 'https://t.co/rk7RmuczlW', 'expanded_url': 'http://youtube.com/c/SanxzTV', 'display_url': 'youtube.com/c/SanxzTV'}, {'start': 76, 'end': 99, 'url': 'https://t.co/BA6iUc1MhN', 'expanded_url': 'http://roblox.com/users/924633153', 'display_url': 'roblox.com/users/924633153'}, {'start': 111, 'end': 134, 'url': 'https://t.co/xdtZwH0Wia', 'expanded_url': 'http://discord.gg/RQM2Q6M9VM', 'display_url': 'discord.gg/RQM2Q6M9VM'}], 'hashtags': [{'start': 26, 'end': 35, 'tag': 'SanxzArt'}]}}"
264516879,Niinianii,700,4337,"V-tuber dibujante de Fan arts varios 
 ğŸ‡²ğŸ‡½ E-mail: cameliaroja16@hotmail.com waifu croassant pfp  @DanybriArt baner @theladypancake
https://t.co/IDloX5t1bV",,False,"{'url': {'urls': [{'start': 0, 'end': 23, 'url': 'https://t.co/MrXb6oCjU8', 'expanded_url': 'https://linktr.ee/niinianii', 'display_url': 'linktr.ee/niinianii'}]}, 'description': {'urls': [{'start': 131, 'end': 154, 'url': 'https://t.co/IDloX5t1bV', 'expanded_url': 'http://m.twitch.tv/ninianii', 'display_url': 'm.twitch.tv/ninianii'}], 'mentions': [{'start': 97, 'end': 108, 'username': 'DanybriArt'}, {'start': 115, 'end': 130, 'username': 'theladypancake'}]}}"
1461175579676397578,casqueturrix,91,833,flexing my bands,,False,"{'url': {'urls': [{'start': 0, 'end': 23, 'url': 'https://t.co/8imBHpDXzE', 'expanded_url': 'https://www.instagram.com/sebasvcx_/', 'display_url': 'instagram.com/sebasvcx_/'}]}}"
1492361712346886148,Princess_collet,13,535,"Hi! Im collette, you can call me col/collette/ern

I draw stuff sometimes. You will usually see me posting art and commenting some stuff here.",,False,
1434529044683427842,Ricards40156703,0,3,,,False,
1417992256364191744,BloxhubGG,11599,3,Discord: https://t.co/VYVEAKQphR Join: https://t.co/EwTo1wFASD,Bloxhub,False,"{'url': {'urls': [{'start': 0, 'end': 23, 'url': 'https://t.co/4qQKZZDJyq', 'expanded_url': 'http://bloxhub.gg', 'display_url': 'bloxhub.gg'}]}, 'description': {'urls': [{'start': 9, 'end': 32, 'url': 'https://t.co/VYVEAKQphR', 'expanded_url': 'http://discord.gg/bloxhub', 'display_url': 'discord.gg/bloxhub'}, {'start': 39, 'end': 62, 'url': 'https://t.co/EwTo1wFASD', 'expanded_url': 'http://bloxhub.gg/play', 'display_url': 'bloxhub.gg/play'}]}}"
1316090588333305857,AriPhantump,1140,33979,Call me Ari. I love you @awexa_ok. Alt is @N0tRealBetah. Runs @AriNAlexaGcOOC. Dni if dreamsexual. She/Her please. PFP: @Soda_DoesArt,,False,"{'url': {'urls': [{'start': 0, 'end': 23, 'url': 'https://t.co/swWDgzj7sJ', 'expanded_url': 'https://ariphantump.carrd.co', 'display_url': 'ariphantump.carrd.co'}]}, 'description': {'mentions': [{'start': 24, 'end': 33, 'username': 'awexa_ok'}, {'start': 42, 'end': 55, 'username': 'N0tRealBetah'}, {'start': 62, 'end': 77, 'username': 'AriNAlexaGcOOC'}, {'start': 120, 'end': 133, 'username': 'Soda_DoesArt'}]}}"
1519728827483799555,Bryce_CDZ,17,29,"Roblox game dev (Building, Modeling)

He/Him

https://t.co/ZNsDUO3wkb",,False,"{'description': {'urls': [{'start': 46, 'end': 69, 'url': 'https://t.co/ZNsDUO3wkb', 'expanded_url': 'https://talent.roblox.com/creators/3016618677', 'display_url': 'talent.roblox.com/creators/30166â€¦'}]}}"
1389003739302858753,ZTUPID01,857,28199,Fan nro de Marcianeke i de tartaglia ğŸ”¥ğŸ”¥ğŸ”¥,Vivan los gatitosâœ§ Â¹â¶ She`áƒ¦Â´He,False,"{'url': {'urls': [{'start': 0, 'end': 23, 'url': 'https://t.co/VnyeI6crHK', 'expanded_url': 'http://Mividaxelgordo.com', 'display_url': 'Mividaxelgordo.com'}]}}"
1128124395887579136,Krystian_GG,106,2986,XD,Hago directos en TwitchğŸ®,False,"{'url': {'urls': [{'start': 0, 'end': 23, 'url': 'https://t.co/hGaxZhIybe', 'expanded_url': 'https://www.twitch.tv/krystian_09', 'display_url': 'twitch.tv/krystian_09'}]}}"
1379073620740349961,rodrilink12,1,56,idiot on the internet smashing his head into his keyboard,,False,
1321700551931895809,Djaden45583761,11,278,BIG DOA,,False,
1071938981389045765,PRC_Roblox,52374,572,Official Twitter for Police Roleplay Community of Roblox. Group behind Emergency Response: Liberty County. ğŸš“ https://t.co/x8o0xpmx0lâ€¦,https://discord.gg/prc,False,"{'url': {'urls': [{'start': 0, 'end': 23, 'url': 'https://t.co/W7yTCu37t8', 'expanded_url': 'https://policeroleplay.community/', 'display_url': 'policeroleplay.community'}]}, 'description': {'urls': [{'start': 109, 'end': 132, 'url': 'https://t.co/x8o0xpmx0l', 'expanded_url': 'http://roblox.com/games/25347244', 'display_url': 'roblox.com/games/25347244'}]}}"
1511699086826639367,RobloxeventerHD,18,1284,Only following the roblox people who are do the data and event and eles. I do giveaway sometimes. Retweets most of event or eles and free items. And SUB TO ME,,False,"{'url': {'urls': [{'start': 0, 'end': 23, 'url': 'https://t.co/6S8qtXIa0Q', 'expanded_url': 'https://www.roblox.com/users/2821888953/profile', 'display_url': 'roblox.com/users/28218889â€¦'}]}}"
85134000,mrm_design,1890,5293,"Director of  Wakefield Extended Realities : SparkAR Partner : Augmented Reality expert, Artist, Dad & wannabe singer / songwriter.","Bedfordshire, UK",False,"{'url': {'urls': [{'start': 0, 'end': 23, 'url': 'https://t.co/RWOLcrI74O', 'expanded_url': 'http://www.realityaugmented.co.uk', 'display_url': 'realityaugmented.co.uk'}]}}"
26382995,tomemrich,27341,63889,"ğŸš€ Director of Product Management for @the8thWall at @NianticLabs ğŸ¤© Augmented Reality, WebAR & Metaverse ğŸ‘“ Tweets my own ğŸ‡¨ğŸ‡¦ ğŸ³ï¸â€ğŸŒˆ He/Him","San Francisco, CA",False,"{'url': {'urls': [{'start': 0, 'end': 23, 'url': 'https://t.co/wYymPb9t9Z', 'expanded_url': 'https://linktr.ee/tomemrich', 'display_url': 'linktr.ee/tomemrich'}]}, 'description': {'mentions': [{'start': 37, 'end': 48, 'username': 'the8thWall'}, {'start': 52, 'end': 64, 'username': 'NianticLabs'}]}}"
1529539606726725632,LavenderOutfits,2,9,"â€â˜¾ğ“¡ğ“¸ğ”‚ğ“ªğ“µğ“® ğ“±ğ“²ğ“°ğ“± ğ“¸ğ“¾ğ“½ğ“¯ğ“²ğ“½ğ“¼ ğ“ªğ“µğ“µ ğ“­ğ“ªğ”‚â˜½â€
â€â˜¾ğ“œğ“ªğ“´ğ“® ğ“½ğ“±ğ“® ğ”€ğ“¸ğ“»ğ“µğ“­ ğ”‚ğ“¸ğ“¾ğ“»  ğ“¸ğ”€ğ“· ğ“¯ğ“ªğ“¼ğ“±ğ“²ğ“¸ğ“· ğ“¼ğ“±ğ“¸ğ”€â˜½â€",,False,
1247204613591162880,Ardhnys,692,111108,"19â†‘ â—‡ Let's swim together! â¤ï¸ğŸ§¡ğŸ’›ğŸ’›ğŸ’šğŸ’™ğŸ’œğŸ¤ğŸ–¤ğŸ¤ â—‡ just a normal fudanshi, not more âœŒï¸ feel free to dm me",,False,"{'url': {'urls': [{'start': 0, 'end': 23, 'url': 'https://t.co/E3c0IXWlxl', 'expanded_url': 'https://ardhnys.carrd.co/', 'display_url': 'ardhnys.carrd.co'}]}}"
1057134729361711104,k423fanclub,262,68421,"I CANT TAG EACH TWEET IM SORRY please mute me temporarily for spoilers | but are you a. pope with a gun | she/her, they/them",UTC -08:00,False,"{'url': {'urls': [{'start': 0, 'end': 23, 'url': 'https://t.co/AIylYLVioR', 'expanded_url': 'https://starlightkeys.carrd.co/', 'display_url': 'starlightkeys.carrd.co'}]}}"
1287683653724708865,coranscones,59,31144,Oikawa is the type of boyfriend who will never love or care about you because he is a professional volleyball player and you are 17 years old and not famous an,AMIE FAN â˜¾ IF PUBLIC ATF,False,"{'url': {'urls': [{'start': 0, 'end': 23, 'url': 'https://t.co/NVZshW9whh', 'expanded_url': 'https://toyer.carrd.co/', 'display_url': 'toyer.carrd.co'}]}}"
1300315441693208581,DragonPlayz_RIP,4390,24922,i make videos // follow me for cool tweets // use #dragonplayzfanart when posting fan art // @Lurplex_ pogg,Earth ğŸŒ,False,"{'url': {'urls': [{'start': 0, 'end': 23, 'url': 'https://t.co/Txyt4BgivY', 'expanded_url': 'https://youtube.com/channel/UCvIkpk0Ck3uaX-0nkpjoVEw', 'display_url': 'youtube.com/channel/UCvIkpâ€¦'}]}, 'description': {'hashtags': [{'start': 50, 'end': 68, 'tag': 'dragonplayzfanart'}], 'mentions': [{'start': 93, 'end': 102, 'username': 'Lurplex_'}]}}"
1528750286843412480,hwanhyo,13,274,"jaexmoon ã€‹
18 y.o â™¡ ã€Š",u'heartz?,False,"{'url': {'urls': [{'start': 0, 'end': 23, 'url': 'https://t.co/beMj7bLbCt', 'expanded_url': 'https://www.getrevue.co/app/issues/current?first=true', 'display_url': 'getrevue.co/app/issues/curâ€¦'}]}}"
1114557820412878848,tolittime,491,3780,twitch affiliate | | 16 | | banner - @novaiscold,She/her,False,"{'url': {'urls': [{'start': 0, 'end': 23, 'url': 'https://t.co/K30bAaPzGI', 'expanded_url': 'https://linktr.ee/Tolittime', 'display_url': 'linktr.ee/Tolittime'}]}, 'description': {'mentions': [{'start': 37, 'end': 48, 'username': 'novaiscold'}]}}"
3299607552,ROBLOX_Invites,144,105545,"Real messages I get, and I'm sure alot of other people get, to join groups or games on roblox. I edit nothing but length. (This is a bot.)",Worldwide!,False,
1442294891036381186,shinyunaaaa_,260,9688,"{roblox username: haemin0102
joining acc for adopt me,psx, robux,clicker sim,and mining sim2 giveaways.
ğŸ‡µğŸ‡­ || looking for adopt me rtds or robux rtd^^}",Her/ GMT+8,False,
1491035644964982786,sunxlvr,141,108,he/him ğŸ§¸ | hosting a giveaway at 150 followers !,,False,
1147349998134276096,TBonny92,646,38591,"si viniste aqui bÃ¡sicamente

Hola xd",en mi habitaciÃ³n  ,False,
1297612765155090432,NamedWater,62,2764,(PFPs not by me) |Hi! Water here. Nice to meet ya! | I like a lot of different things. | I like Tower defense games. A lot. | Minor | MAP/R34/ZOOPHILE DNI,Universal wormhole,False,"{'url': {'urls': [{'start': 0, 'end': 23, 'url': 'https://t.co/wAZLEVLqyC', 'expanded_url': 'https://twitter.com/NamedWater', 'display_url': 'twitter.com/NamedWater'}]}}"
776505,BLOX,1975,25,"(not affiliated with @ROBLOX)

editor for @albertsstuff
clockwork calculator
veteran of every war
owner of robux
the highest rank
tweets expire",,False,"{'description': {'mentions': [{'start': 21, 'end': 28, 'username': 'ROBLOX'}, {'start': 42, 'end': 55, 'username': 'albertsstuff'}]}}"
897496126697459713,UncrackedCipher,33,1466,ignore my polly ticks,"detroit, brazil",False,"{'url': {'urls': [{'start': 0, 'end': 23, 'url': 'https://t.co/SVM1axMKsJ', 'expanded_url': 'https://www.roblox.com/users/45843604/profile', 'display_url': 'roblox.com/users/45843604â€¦'}]}}"
1523849749098426368,rubys_ha1r,7,90,"hello! I am a say from ghost and pals IRL.
they/them",no,False,"{'url': {'urls': [{'start': 0, 'end': 23, 'url': 'https://t.co/BfQuJN6qWG', 'expanded_url': 'http://tiktok.com/@rubys_ha1r', 'display_url': 'tiktok.com/@rubys_ha1r'}]}}"
1482442282695413761,p4r4n014_3x3,64,278,Hi / She/He/they / Kyle-Charlie-Sonic-A person / Nonbinary / Coder / Young artist / @HuhuhuhKnuckles notice me rn,Inside your TV,False,"{'description': {'mentions': [{'start': 84, 'end': 100, 'username': 'HuhuhuhKnuckles'}]}}"
771183480101232640,Lolthedev,2602,21274,"22,@Roblox developer, Social Media Manager @MonolithicGG , Aspiring Architect, Coffee Lover

https://t.co/MZoo88e9KRâ€¦","Denver, CO",False,"{'description': {'urls': [{'start': 93, 'end': 116, 'url': 'https://t.co/MZoo88e9KR', 'expanded_url': 'http://youtube.com/channel/UCUeNB', 'display_url': 'youtube.com/channel/UCUeNB'}], 'mentions': [{'start': 3, 'end': 10, 'username': 'Roblox'}, {'start': 43, 'end': 56, 'username': 'MonolithicGG'}]}}"
907960915512848385,Roblox_UGs,3292,912,"Underrated games that deserve a chance to be known by other players. 

Discord:https://t.co/1GWXBKpLNe
Tiktok:https://t.co/7auPf9BBmT",Earth,False,"{'url': {'urls': [{'start': 0, 'end': 23, 'url': 'https://t.co/G3o4emwmXv', 'expanded_url': 'https://www.youtube.com/channel/UC13l0Fh8wQ-qeLSSfOCz7bQ/featured', 'display_url': 'youtube.com/channel/UC13l0â€¦'}]}, 'description': {'urls': [{'start': 79, 'end': 102, 'url': 'https://t.co/1GWXBKpLNe', 'expanded_url': 'http://discord.gg/vdV4t7x4fx', 'display_url': 'discord.gg/vdV4t7x4fx'}, {'start': 110, 'end': 133, 'url': 'https://t.co/7auPf9BBmT', 'expanded_url': 'https://www.tiktok.com/@roblox_ugs', 'display_url': 'tiktok.com/@roblox_ugs'}]}}"
1226972844967505926,kxqpa,171,2304,@axriie1 / @Lxphii / @Kebzy_ / @pjaxkr6,ğŸ‡¨ğŸ‡¦,False,"{'description': {'mentions': [{'start': 0, 'end': 8, 'username': 'axriie1'}, {'start': 11, 'end': 18, 'username': 'Lxphii'}, {'start': 21, 'end': 28, 'username': 'Kebzy_'}, {'start': 31, 'end': 39, 'username': 'pjaxkr6'}]}}"
1486098920862220288,Iucasgunny,661,7802,LucasWRLDs l Bradley â€¢ Dylan â€¢ Cameron â€¢ Jr. â€¢ Will,"Los Angeles, California ",False,"{'url': {'urls': [{'start': 0, 'end': 23, 'url': 'https://t.co/KJMPzXeamx', 'expanded_url': 'http://twitch.tv/lucasgunny', 'display_url': 'twitch.tv/lucasgunny'}]}}"
1290468146311290882,madzylabz,1,66,,,False,
1069006874811363328,DigitoPlays,101200,1984,16 | YouTuber | DMs Open - I make videos for fun and for peoples enjoyment!,,False,
1403744101170782208,VNctXrFo54QGedp,43,50,I am a person who makes Roblox models.,,False,"{'url': {'urls': [{'start': 0, 'end': 23, 'url': 'https://t.co/X1bGbVZRK2', 'expanded_url': 'https://www.youtube.com/channel/UCLofAW04QV3PmGmgWOaooGA', 'display_url': 'youtube.com/channel/UCLofAâ€¦'}]}}"
1323576758935773184,jjjusteiram,14,622,ğŸ¤º,,False,"{'url': {'urls': [{'start': 0, 'end': 23, 'url': 'https://t.co/m2QYw9UvGY', 'expanded_url': 'https://pin.it/6qHt0tE', 'display_url': 'pin.it/6qHt0tE'}]}}"
1468392509755650051,December_IsHere,151,2948,"@December_LsHere - acc w/ proofs & gws in pinned
@diciembreeerere - other alt (wont post anything here)",any prns,False,"{'description': {'mentions': [{'start': 0, 'end': 16, 'username': 'December_LsHere'}, {'start': 49, 'end': 65, 'username': 'diciembreeerere'}]}}"
1257044398174613507,mitzubas,36,2450,mitsuba #1 fan,they she 16 ,False,"{'url': {'urls': [{'start': 0, 'end': 23, 'url': 'https://t.co/QZBddvtQvp', 'expanded_url': 'http://mitzubas.carrd.co', 'display_url': 'mitzubas.carrd.co'}]}}"
1490247791406374914,114Michal,0,2,,,False,
1436137669629784067,JustPoio,71,2214,"Local chicken /
Artist /
YouTuber (kind of) /
Choccy milk enjoyer / commission status: open",a plastic bag,False,
1447005477993426945,YoungBoy_facts,950,8057,Biggest facts speaker ğŸ§ ğŸ§ /Never takes L's always are W's/ BLOCK = I OWN YOU/ Zoos and pedos are frauds âš ï¸/ Youngboys are the best ğŸ‘/ Always will target frauds,NOT A FURRY ğŸš«ğŸ¦Š,False,
1292721630146367489,Purple_Pantherr,14,1881,,,False,
1460865594694135809,kttyvqa,317,1777,Kitty! - 25/30 proofs - carrying 300+ sperms - bitches I luv: @tojis_leftnut @ashnrhylee and @PearlTrusted - bye thx for reading ! (äºº*Â´âˆ€ï½€)ï½¡*ï¾Ÿ+ #kttyvqaprfs,In your mom's belly,False,"{'description': {'hashtags': [{'start': 143, 'end': 155, 'tag': 'kttyvqaprfs'}], 'mentions': [{'start': 62, 'end': 76, 'username': 'tojis_leftnut'}, {'start': 77, 'end': 88, 'username': 'ashnrhylee'}, {'start': 93, 'end': 106, 'username': 'PearlTrusted'}]}}"
1514604715925209091,MYDORAEMON11,13,48,Hi,,False,
1145825695941222400,PlayAdoptMe,1410421,4898,"Adopt cute pets ğŸ• Decorate your home ğŸ–¼ï¸ Explore the world of Adopt Me! on Roblox ğŸ¾ Made by: @UpliftGames
Help: @AdoptMeSupport",,True,"{'url': {'urls': [{'start': 0, 'end': 23, 'url': 'https://t.co/JMYyChrlWl', 'expanded_url': 'http://playadopt.me', 'display_url': 'playadopt.me'}]}, 'description': {'mentions': [{'start': 92, 'end': 104, 'username': 'UpliftGames'}, {'start': 111, 'end': 126, 'username': 'AdoptMeSupport'}]}}"
